mfcc_1,mfcc_2,mfcc_3,mfcc_4,mfcc_5,mfcc_6,mfcc_7,mfcc_8,mfcc_9,mfcc_10,mfcc_11,mfcc_12,mfcc_13,filename,category
-254.93631,85.83962,-107.10316,31.011576,-39.987736,-17.290342,-37.214104,-18.14569,-11.705071,-17.621454,-26.893171,-13.461913,-9.417187,1-100038-A-14.wav,chirping_birds
-466.6221,144.2614,22.96135,52.213543,2.9706805,11.319603,-2.8959332,0.07640639,-8.92912,10.0191145,-6.9630485,-5.8482037,-11.108883,1-101296-A-19.wav,thunderstorm
-441.77423,153.39592,32.532093,38.86477,0.3863561,-1.5140976,2.6817217,-3.4703307,-3.5469124,5.8736734,-2.6644423,-7.838368,-6.315548,1-101296-B-19.wav,thunderstorm
-173.1824,131.6637,-23.350657,44.626896,-16.704086,34.943077,13.708267,24.017622,-3.575602,12.136042,-1.4853292,13.711203,4.83886,1-103298-A-9.wav,crow
-400.28085,155.72517,73.404076,15.19819,5.4999294,16.989422,18.179058,7.343544,-0.92969304,-1.1682855,0.9599462,1.1176575,0.38136476,1-115521-A-19.wav,thunderstorm
-504.83087,95.641136,-87.962364,20.580029,-10.429318,-4.499552,-20.10197,-4.728533,0.074913785,-4.4580736,0.069262154,-0.5389068,-2.0359526,1-118559-A-17.wav,pouring_water
-394.7284,108.555756,5.4079676,10.749114,-6.7490587,15.3154545,10.180302,18.682049,0.61775595,10.019117,0.57231086,0.86698455,-13.97538,1-12653-A-15.wav,water_drops
-514.5597,85.66627,17.05499,23.686644,10.389066,14.282215,5.888461,10.523937,2.5806944,6.0627823,-1.4626784,1.3168167,-1.3018146,1-12654-A-15.wav,water_drops
-514.53,88.86575,18.652565,24.808413,11.174331,17.382528,5.8598456,11.791325,1.2821323,4.6518273,-3.2359836,2.4967446,-2.481997,1-12654-B-15.wav,water_drops
-274.82867,163.20258,3.629049,69.5879,39.129967,17.431725,13.27264,21.432102,8.468137,1.657788,-0.89760673,4.002332,3.545826,1-137296-A-16.wav,wind
-417.22092,53.74738,-38.695053,2.4861634,2.3828304,23.929157,1.5850719,7.2683654,8.32813,15.444241,7.639404,8.688195,-6.6076007,1-15689-A-4.wav,frog
-423.87582,62.78368,-29.181288,6.601417,8.468017,26.105083,5.89169,9.202936,8.744497,20.048515,8.299704,8.509165,-3.7698157,1-15689-B-4.wav,frog
-696.8434,18.306252,2.54571,8.985429,4.5494795,3.9272678,-1.9807113,3.728559,2.7345176,2.1776693,0.1978209,0.7369647,-0.0058887308,1-16746-A-15.wav,water_drops
-331.45212,85.4922,4.666396,37.49674,8.067957,36.93365,-4.5820966,6.0659833,11.111185,12.467105,-8.984219,6.5697327,-3.470546,1-17150-A-12.wav,crackling_fire
-191.39711,201.01382,-164.47845,58.526257,-3.3402312,-14.553822,49.497772,-30.358635,18.35563,17.137861,-16.606194,22.125116,-11.853877,1-17367-A-10.wav,rain
-299.86282,92.028275,-30.17725,38.96103,-1.7407911,23.690237,-5.734897,5.844403,5.5185285,9.188873,1.1118743,9.497464,4.770753,1-17565-A-12.wav,crackling_fire
-251.29823,90.496414,-12.622731,12.962024,-29.266853,-11.850314,-33.62628,-1.881031,-31.404764,-11.128827,-26.785868,-9.505467,-26.018131,1-17585-A-7.wav,insects
-355.87726,23.947433,14.722452,23.452635,6.5855193,8.040243,4.568543,5.1598697,0.5437149,1.235533,-2.2763734,1.1861098,-0.71715117,1-17742-A-12.wav,crackling_fire
-331.97717,94.08334,-0.69010764,38.71699,6.067024,34.671604,-3.1064327,29.609175,-4.3674974,28.718403,4.3161154,14.109144,1.4757468,1-17808-A-12.wav,crackling_fire
-383.90787,100.387184,0.04789068,45.275055,7.2887125,38.97736,-4.758487,29.746632,-1.2873611,26.450012,6.077884,13.125436,5.0353847,1-17808-B-12.wav,crackling_fire
-238.38326,164.9499,-53.429195,-27.634838,23.193106,8.566375,-1.3605541,-20.880066,-40.452328,-16.077896,-2.2362149,-9.720065,1.5506326,1-17970-A-4.wav,frog
-255.40121,180.8707,-74.0874,-16.801601,12.759198,2.7089221,-3.9769466,18.497734,-2.3215592,-6.9867597,13.016082,-4.9970245,-7.115665,1-18755-A-4.wav,frog
-243.80711,177.66495,-78.409294,-1.2195879,-4.431344,10.816577,-11.182811,10.38978,1.1717917,-7.5440125,6.677423,-3.9193172,-1.2318885,1-18755-B-4.wav,frog
-293.12732,187.70651,-49.620872,-18.906939,10.705965,8.416693,11.170133,23.275286,-5.2406626,-14.874155,11.494992,0.34079474,-6.7667184,1-18757-A-4.wav,frog
-474.49124,29.088266,2.728932,4.225912,-0.6448196,1.5259165,-3.6747835,2.956121,-1.8380866,0.2742124,-3.8777468,1.3080142,-2.8208928,1-19501-A-7.wav,insects
-151.68855,179.4858,-152.86565,82.87866,-61.208073,19.57473,-3.36038,-14.108012,27.40987,-29.734365,13.949817,-13.105353,0.845175,1-21189-A-10.wav,rain
-478.21317,67.63873,-31.654732,-20.268764,-29.625603,-16.356253,-41.975704,-33.120434,-26.70076,-14.824566,-19.945532,-9.461901,-16.662985,1-23094-A-15.wav,water_drops
-472.89432,68.30166,-35.96953,-23.831163,-35.604813,-22.573118,-49.470467,-31.020142,-36.022755,-20.385698,-26.097414,-10.146805,-19.376062,1-23094-B-15.wav,water_drops
-273.23895,192.58188,-0.4165311,5.5909157,10.768342,8.291499,9.920012,0.28767928,4.988678,5.5546126,0.30497867,4.2869997,1.8080596,1-23222-A-19.wav,thunderstorm
-269.3198,179.17677,19.24849,26.656189,5.851363,8.537225,18.587543,-1.4045992,7.6604295,4.7453985,-0.33712316,7.660975,2.4889638,1-23222-B-19.wav,thunderstorm
-474.40283,182.0162,72.98225,14.201331,8.902201,15.187561,12.974,6.4796953,4.6206822,4.6893,2.818292,1.7994617,1.0946096,1-24524-A-19.wav,thunderstorm
-338.81802,154.81268,22.075962,-4.765701,17.971607,16.433004,5.5017986,5.605634,5.985481,2.1257036,1.2536048,1.9378217,0.63454473,1-24524-B-19.wav,thunderstorm
-325.20447,168.80989,0.26001883,6.442537,14.291386,8.140943,8.312049,3.6329627,5.387175,5.2007794,1.803066,3.6126027,2.315802,1-24524-C-19.wav,thunderstorm
-132.24847,89.01553,-48.867645,61.28677,-51.721565,55.82302,-35.017265,32.805763,-14.000888,19.61484,-16.509212,14.293174,-10.93859,1-26222-A-10.wav,rain
-437.03992,66.61226,-7.1251273,-15.996088,-7.7723403,7.7608504,10.410697,-4.718368,-10.677706,-9.059212,-2.2909298,5.9261456,10.9958935,1-26806-A-1.wav,rooster
-431.77792,52.767086,-32.000595,7.911696,-0.7942727,14.756983,-10.511768,5.201588,-0.71030635,12.237599,3.4630754,1.1003048,-3.7706566,1-27724-A-1.wav,rooster
-135.89638,162.10173,-47.84823,40.562286,-33.596428,30.047071,-27.157429,9.910904,-10.900507,2.0740135,-4.3578014,-0.9472301,-1.4140829,1-28135-A-11.wav,sea_waves
-131.77226,161.30847,-44.213966,32.139122,-27.515059,25.710506,-19.94964,10.045736,-4.2723475,1.0542476,0.2653381,-2.001612,3.4692745,1-28135-B-11.wav,sea_waves
-196.70546,133.45354,-69.849846,64.84543,-44.922817,14.46712,-17.216194,17.267323,-0.47006905,-10.744947,11.511076,14.824742,-24.80853,1-29532-A-16.wav,wind
-142.60492,141.12979,-98.17852,63.160038,-24.8628,29.91583,-37.75719,17.45882,-13.29934,16.262056,-14.990223,-1.4294635,-5.765497,1-29561-A-10.wav,rain
-283.07526,141.96669,-43.66728,4.671257,14.53561,36.32466,3.884943,11.028411,1.5801193,19.718681,-9.135386,4.4779468,-7.3177814,1-31836-A-4.wav,frog
-199.66513,167.01677,-100.46554,-12.445895,9.698514,37.495895,4.5863214,2.8061204,7.904706,21.893383,-12.46017,7.738689,-3.5191355,1-31836-B-4.wav,frog
-591.70715,56.369373,-20.386427,16.52453,-6.6338005,-5.2464695,9.755985,-4.6498156,-2.7115192,2.6001272,5.930637,5.4301996,2.0342398,1-34119-A-1.wav,rooster
-662.6853,59.806355,-21.038109,12.300572,-20.953358,1.5331999,26.856932,-8.992643,0.28068054,9.024882,-0.3277136,8.534894,2.6612923,1-34119-B-1.wav,rooster
-223.92514,69.05607,-20.8408,15.299485,10.46849,32.58263,-20.053787,3.595208,-7.8266034,24.947496,-9.44193,3.3153346,-14.367865,1-34495-A-14.wav,chirping_birds
-222.7358,65.74167,-18.702187,30.762825,-4.3004937,27.803831,-24.433252,13.490483,-20.033266,20.34162,-19.248188,12.599248,-23.226843,1-34497-A-14.wav,chirping_birds
-447.7111,52.18758,-97.8827,14.759482,12.7768135,26.006357,-49.037735,8.050617,-24.379923,5.893975,-22.35482,-6.1828485,-15.564694,1-38559-A-14.wav,chirping_birds
-488.23328,40.19881,-65.94811,10.532948,-24.382301,-12.451154,-42.774166,5.2243266,-22.433643,-0.79232186,-19.612753,3.564663,-17.621767,1-38560-A-14.wav,chirping_birds
-183.51373,116.03723,-82.07997,18.472858,-21.512133,10.955801,9.204036,-13.288231,0.29926962,-1.7644329,1.3752073,1.1270833,4.6341095,1-39835-A-9.wav,crow
-191.00261,122.73116,-96.27155,23.72316,-29.227043,10.892295,6.083212,-15.293936,-2.8211179,-4.553071,3.5182726,0.84606344,8.309758,1-39835-B-9.wav,crow
-178.51347,155.01967,-33.20004,21.91438,-25.351234,12.716211,-27.456533,1.766463,-23.457624,-5.604312,-13.223294,-6.7343173,-7.375807,1-39901-A-11.wav,sea_waves
-179.03143,161.09662,-33.162994,24.809418,-30.885178,14.695467,-32.58988,4.92941,-24.787298,-1.3780693,-13.10826,-6.2510705,-9.182487,1-39901-B-11.wav,sea_waves
-406.8249,68.520195,-39.044544,-7.5578556,-16.76368,0.6072112,3.5817375,-1.8620747,-5.186874,3.4428563,5.5519896,6.277084,11.936504,1-39923-A-1.wav,rooster
-373.49088,91.047035,-27.543186,-24.233173,13.072593,2.6340725,-8.390877,1.783084,1.1198555,-1.0836047,7.852214,6.331109,-3.0630577,1-40730-A-1.wav,rooster
-305.65012,111.83541,-10.205973,53.49313,11.767304,38.86165,-0.45273012,25.128523,6.4388604,19.068645,8.365196,14.57577,10.695006,1-4211-A-12.wav,crackling_fire
-371.56882,44.883617,-33.06951,-4.1388474,-23.107208,12.381998,-13.555683,4.9427805,-17.27949,6.2429905,10.171797,9.448994,25.355665,1-43382-A-1.wav,rooster
-140.53612,122.478645,-89.04996,1.1032158,-62.63913,9.184065,-55.914536,1.3103752,-38.618504,-1.184582,-29.600891,-4.0882816,-19.557026,1-43760-A-11.wav,sea_waves
-490.80038,64.17081,-13.940267,4.7558355,2.9970083,1.8525777,-0.4664312,5.7241697,-1.7205491,3.1037474,5.803039,9.357198,-1.1070534,1-44831-A-1.wav,rooster
-340.52097,52.863663,-35.01574,26.483372,-4.486924,9.748804,-14.302356,21.881104,-7.201158,27.834824,-9.2871475,15.42871,-10.623093,1-46040-A-14.wav,chirping_birds
-195.702,40.800083,15.470184,65.03101,22.653355,36.75249,2.1430366,19.646368,1.5273557,14.310415,2.652552,11.269966,-1.8874359,1-46272-A-12.wav,crackling_fire
-309.43802,143.34578,-41.768223,40.68496,-25.155766,32.73462,-3.0042741,18.324131,-8.983898,-0.9442643,-1.7218826,-8.452318,2.9736855,1-46938-A-7.wav,insects
-274.3484,134.14903,-37.06526,34.955204,-22.020727,28.1447,-2.6255302,11.006521,-4.047302,-4.6255536,-1.9612316,-7.0527935,2.3846507,1-46938-B-7.wav,insects
-96.219894,167.52663,30.031506,46.05548,8.387066,21.273067,-0.6865264,15.6461935,-2.6123664,10.588575,-5.0220814,7.13585,-4.8132434,1-47709-A-16.wav,wind
-191.94493,147.39459,32.41831,45.383823,18.191957,23.908504,11.17631,18.308502,7.1859074,12.972837,5.0544586,10.337745,3.941769,1-47714-A-16.wav,wind
-60.579556,60.063026,-48.67299,39.435593,-26.677984,12.824826,-22.616598,14.328292,-26.21012,9.860168,-21.738775,6.1929593,-14.748986,1-50060-A-10.wav,rain
-601.67444,58.347843,7.4597073,13.332837,0.97141224,8.982916,-0.46543953,6.217674,-1.9539855,5.5408773,-0.5978268,5.4294033,3.2428162,1-50623-A-15.wav,water_drops
-524.2148,53.80553,-24.59692,-6.598259,-27.552858,-4.3541427,-10.432666,18.806831,11.330498,8.312474,3.210835,15.766951,6.9228215,1-50625-A-17.wav,pouring_water
-517.9938,31.21903,-40.692856,10.907613,-26.758844,10.223429,-9.255839,15.691909,-5.5201974,6.941664,-7.084268,3.4026065,-3.3147666,1-50688-A-17.wav,pouring_water
-290.5352,162.10324,-5.5760026,-3.71356,-30.180925,7.1673512,-23.126541,3.6987255,-25.78236,6.504147,-24.64855,6.5708647,-22.810038,1-51035-A-16.wav,wind
-259.99747,171.71103,-17.08442,-11.07772,-27.17947,7.3114386,-27.246103,0.10337445,-23.345884,3.5233884,-24.250362,4.164001,-20.54794,1-51036-A-16.wav,wind
-114.56231,159.15936,-60.826057,27.969936,-45.917046,24.33934,-35.349052,15.12822,-28.690765,7.4737763,-22.630129,2.076665,-16.161644,1-51037-A-16.wav,wind
-419.7452,40.876297,-47.09245,-5.8457603,-23.967512,19.33769,-11.262932,13.903121,-29.100637,-8.400187,-17.429304,3.456864,-10.072633,1-51433-A-17.wav,pouring_water
-424.4949,55.07877,-19.259047,-13.761721,-60.862484,-20.20955,-31.897625,9.815122,-2.8931024,-0.79615134,-10.364342,12.723905,4.7005863,1-51436-A-17.wav,pouring_water
-399.8639,108.94698,-12.104249,98.70945,-16.89142,-15.863401,27.397509,4.141605,-22.511816,15.691624,-9.991782,10.18087,8.86347,1-54918-A-14.wav,chirping_birds
-406.9544,117.0714,-5.4332356,92.83377,-14.10323,-7.205308,31.604166,5.330515,-14.401526,20.182596,5.7571044,13.612491,9.346714,1-54918-B-14.wav,chirping_birds
-67.378075,152.2045,-109.552216,67.52517,-39.781757,21.67145,-7.6267323,3.770233,7.987289,-0.29326415,6.925873,2.7620382,2.24785,1-54958-A-10.wav,rain
-303.15012,148.43526,-132.49922,5.635048,-25.2025,-22.055155,37.76027,-17.377747,-26.362148,-8.832837,-7.6659746,0.5938645,2.7196772,1-56233-A-9.wav,crow
-428.64917,111.198975,-86.27062,7.6563134,-18.623709,-15.350973,34.93297,-8.169528,-22.114666,-6.139202,-5.9618845,0.7208964,6.0275626,1-56234-A-9.wav,crow
-102.38263,135.22942,-93.92697,72.64612,-40.25812,20.004328,-24.158,7.903283,-24.482304,11.141266,-17.910852,3.5099711,-5.9463162,1-56311-A-10.wav,rain
-399.21786,-69.577675,61.970833,24.048744,-25.473473,55.658447,-26.071928,25.196413,-0.48792955,20.938637,3.4659617,11.103593,7.3875,1-57316-A-13.wav,crickets
-371.12906,-30.753866,51.60035,36.701057,-31.533676,60.884888,-29.636976,30.572186,-6.803993,16.222376,1.5382386,10.281743,0.9573662,1-57318-A-13.wav,crickets
-318.27405,-50.351173,8.013767,67.733604,-100.34273,89.80041,-49.06142,20.501196,-3.1109233,6.930137,-6.523547,13.258229,-11.938431,1-59102-A-13.wav,crickets
-551.53467,33.149372,-8.748835,8.977053,-1.6797124,0.083990745,-0.9665885,3.7869682,4.284941,4.0782857,0.6634731,3.1217525,0.37799504,1-61221-A-17.wav,pouring_water
-112.3637,148.63086,-44.08964,46.18109,-23.375761,38.30813,-35.193295,19.812775,-20.90648,6.262375,-8.416547,3.15958,-9.405508,1-61252-A-11.wav,sea_waves
-103.35714,115.72585,-37.904823,23.236193,-5.4159293,22.76538,-8.675587,15.010862,-6.675102,14.338121,-10.746421,18.033722,-7.9618416,1-63871-A-10.wav,rain
-247.76697,98.8007,9.610345,8.130551,-32.52792,-0.15901542,-22.39487,14.46701,-34.55396,19.522095,-4.2989974,-2.3348963,-17.260418,1-65483-A-13.wav,crickets
-600.1704,44.40982,-28.63124,7.595205,-16.194519,-0.45347607,-13.210728,-0.5099268,-3.4956465,6.3044233,-3.4181924,8.830025,2.7221322,1-67152-A-17.wav,pouring_water
-35.40676,108.6303,-6.367353,55.267197,-11.815878,32.71624,-5.9669375,20.534277,-9.0157585,14.361274,-9.160943,10.769771,-9.418519,1-69760-A-16.wav,wind
-466.1174,95.50294,-7.3589683,81.32309,-13.449702,30.587835,-9.327443,25.739716,-3.652425,23.030588,-0.21234646,16.894833,0.27986246,1-7057-A-12.wav,crackling_fire
-68.487335,114.89877,-28.525005,17.069796,-13.183904,8.5449,-18.243828,14.236992,-15.917657,-5.2958975,-21.31737,1.4048673,-18.78974,1-73585-A-7.wav,insects
-191.25061,46.60778,48.28272,31.870745,-20.318747,32.687874,-2.1722515,27.234137,-20.585295,32.14937,-15.657735,19.42618,-11.964884,1-7456-A-13.wav,crickets
-519.38654,64.02188,-119.56515,-70.98137,-16.972689,14.080239,9.819665,-27.667624,5.8706126,23.547441,-7.067885,9.063207,17.905031,1-75162-A-9.wav,crow
-212.61076,125.91393,-16.839256,19.270655,-38.481785,6.096093,-20.985218,-5.1483836,-17.902914,-17.272066,-11.442071,-18.30888,-5.5381827,1-75189-A-7.wav,insects
-281.80664,26.128155,-8.161149,17.039577,2.7032902,22.813492,5.602521,22.61916,2.5835698,14.181436,4.51157,8.101813,4.1275406,1-79220-A-17.wav,pouring_water
-327.43387,50.373936,-12.027212,1.5824239,-17.832678,-8.182252,-16.508936,-3.3794093,-19.176018,-4.7547092,-18.486073,-4.9971595,-14.812653,1-7973-A-7.wav,insects
-209.7909,126.62219,4.1378617,47.598156,-0.8242884,32.488888,6.920178,21.652344,11.401267,18.20189,9.323477,7.4111743,6.512686,1-80785-A-7.wav,insects
-421.95963,83.70437,-17.578444,71.4461,-25.468658,36.951023,7.1187,46.2566,-28.274801,30.1806,-12.146149,15.303229,-7.662764,1-80840-A-13.wav,crickets
-570.69525,-110.50431,-42.298336,48.829685,9.288905,7.7133574,0.22410686,72.20798,-12.325082,37.390236,-24.738003,66.50396,-7.0685587,1-80841-A-13.wav,crickets
-572.72534,19.238487,3.4804654,2.915453,-7.122053,2.5445774,-1.9045591,-4.3015504,-4.8717813,0.2289909,-1.0397774,0.031178538,-1.101186,1-90797-A-15.wav,water_drops
-66.42931,131.67613,-30.918829,33.15903,-37.09723,33.57733,-33.41879,31.491594,-21.830582,22.613317,-15.9198,15.829514,-10.2695875,1-91359-A-11.wav,sea_waves
-100.5261,134.55019,-22.243076,32.943325,-25.471464,27.154564,-20.805132,26.650839,-13.916363,21.005175,-8.8308935,15.405688,-2.3014834,1-91359-B-11.wav,sea_waves
-526.3377,67.03857,-54.368927,-47.65124,-37.066868,1.0945666,-2.283408,-8.708146,-8.541879,-4.0655556,-11.328533,-1.9936492,0.8727356,1-96950-A-9.wav,crow
-390.26428,89.95577,-83.365265,-72.78787,-28.918499,7.4149313,-5.153722,-15.195061,-9.118235,-5.2135267,-7.711641,4.3597836,1.9245068,1-96950-B-9.wav,crow
-381.71964,80.38022,-26.908598,28.52613,-41.23749,12.918896,-18.421131,31.876944,-23.810139,10.671567,13.471096,22.121773,-10.959248,1-9841-A-13.wav,crickets
-403.94574,42.18309,-48.524017,-29.209646,-27.261372,-4.9151444,-19.465628,-10.955357,-11.382188,-5.009432,-0.86790645,6.438582,13.8754635,2-100786-A-1.wav,rooster
-168.02867,86.62491,-64.39589,69.2318,-41.911026,33.324383,-25.683128,20.241291,-11.073607,19.419125,-8.354333,14.369331,-3.1111174,2-101676-A-10.wav,rain
-337.23337,83.20415,-11.616358,19.770088,-15.055417,-2.0596898,-15.44598,-5.5025864,-22.47712,-10.541877,-14.004167,-3.6040947,-5.316997,2-102414-A-17.wav,pouring_water
-451.0449,15.945813,-15.6512,39.18181,-13.814864,10.67858,-27.544779,-2.0516126,-11.147504,13.297537,-15.314461,-0.033110227,-9.291213,2-102414-B-17.wav,pouring_water
-501.3496,37.48501,-33.5158,10.602912,-14.892661,14.923486,-4.3654895,16.189875,-6.5412292,6.9266195,-4.3111715,7.6658072,-4.325228,2-102414-C-17.wav,pouring_water
-570.54803,28.736542,-13.241149,27.152647,4.7637324,11.478076,-18.914358,-1.793099,-10.170733,7.0828757,-9.496129,-2.8310306,-9.639466,2-102414-D-17.wav,pouring_water
-391.80997,41.069233,-15.362274,22.36868,-13.405712,7.408552,-13.454198,-2.3627136,-20.086754,-4.998831,-10.851132,1.3029624,-5.317436,2-102414-E-17.wav,pouring_water
-532.5964,25.046436,-11.052323,31.636343,-6.289698,11.0273485,-17.328587,-0.25561962,-13.932922,4.7371564,-9.890372,-3.4134157,-12.822358,2-102414-F-17.wav,pouring_water
-485.58963,26.438324,-15.010172,9.299787,-10.29249,1.9831619,-12.297087,-3.0495322,-17.153868,-3.738696,-10.186385,1.4553691,-2.959621,2-102414-G-17.wav,pouring_water
-111.49153,140.60847,-78.060425,34.633938,-52.317097,19.519669,-30.018942,19.135313,-22.011202,3.5451112,-7.7016244,-1.1226009,-6.131403,2-102852-A-11.wav,sea_waves
-329.0108,170.78041,90.11587,27.96584,-1.0339664,0.4280341,9.253447,9.4074335,3.5635533,0.8799435,1.0385869,1.130335,-0.77323306,2-104105-A-19.wav,thunderstorm
-333.756,198.18327,91.33135,16.127337,-12.365482,-4.329813,6.5618067,6.094441,-0.48984155,-3.025884,-1.061258,0.5189799,-1.8946488,2-104105-B-19.wav,thunderstorm
-374.9963,183.89026,-6.7815375,44.436096,14.056605,3.9139688,-6.8661427,0.42117468,-5.2018075,-4.230721,-10.816321,-9.004492,-3.0359735,2-104952-A-16.wav,wind
-315.75394,179.9383,-11.375573,51.75405,5.895763,1.7092305,-7.1922603,-1.1127654,-3.4879918,-6.22964,-12.225455,-10.050762,-3.388067,2-104952-B-16.wav,wind
-275.78845,89.8494,-57.960506,18.454847,-1.7608525,21.431208,-3.7619476,-22.665413,-17.329067,28.411427,-8.701971,3.0529983,-29.393824,2-106019-A-13.wav,crickets
-296.2657,172.84927,-25.417805,-34.83996,-54.349106,-13.437848,-39.29014,-19.522472,-36.754154,-6.5402136,-27.021694,-14.986599,-32.56395,2-108760-A-14.wav,chirping_birds
-294.0568,168.85345,-33.55261,-26.650381,-58.624718,-26.876759,-38.31718,-21.606497,-39.738544,-8.652559,-24.991653,-13.176975,-31.15713,2-108760-B-14.wav,chirping_birds
-328.0656,141.47946,21.29298,41.640015,-28.207499,14.613018,-7.895311,11.374941,-5.415441,19.633785,-17.295576,12.725592,-14.684844,2-108761-A-14.wav,chirping_birds
-184.1342,105.953636,-36.726223,-24.325207,-48.503445,-13.083273,-19.07532,-5.2921658,-43.811295,-11.096753,-27.80395,-10.443204,-24.10715,2-108763-A-9.wav,crow
-209.55374,149.62497,-19.347223,-5.9997077,-24.900862,10.702656,15.363443,3.2380104,-6.389408,8.192057,2.043724,6.495665,-3.9063964,2-108766-A-9.wav,crow
-326.57968,135.32626,-39.977695,-36.630733,-53.40818,-1.39981,-36.588604,-17.02693,-40.319622,-4.704817,-31.476068,-4.01345,-29.585314,2-108767-A-9.wav,crow
-329.81924,124.11208,-23.64516,-26.231474,-44.65642,-7.890371,-32.150204,-14.656072,-34.51051,-8.450998,-28.359158,-7.1402454,-25.650908,2-108767-B-9.wav,crow
-312.1139,136.1867,-52.383965,-25.76899,-48.670746,-1.5537201,-34.1541,-22.5217,-35.144775,-4.8728228,-31.748224,0.658297,-24.240353,2-108767-C-9.wav,crow
-314.1861,168.4519,9.12586,-2.8418705,19.075508,29.424503,37.3682,21.765598,11.736079,14.729592,7.871521,10.3267145,6.7096043,2-109231-A-9.wav,crow
-236.05333,151.32387,-82.67599,4.3678412,-7.765272,33.855534,11.54898,12.919999,4.714773,29.59392,1.1346885,19.295456,16.79204,2-109231-B-9.wav,crow
-371.19342,135.07251,-6.148714,-2.3013115,18.956467,32.675037,10.858023,12.800654,7.611446,23.202139,3.4373035,23.024895,2.086075,2-109231-C-9.wav,crow
-224.50206,220.22197,-22.428986,19.915136,13.921067,16.038687,11.612488,-2.149592,-0.36775777,3.5567083,8.385366,3.296089,4.5941057,2-109371-A-16.wav,wind
-180.3614,215.97662,-16.630371,14.804174,17.392448,12.905465,13.745885,-2.938505,-0.22879991,4.462747,8.11235,5.350603,4.18334,2-109371-B-16.wav,wind
-279.80176,223.74968,2.9603908,13.890897,16.902428,17.973358,11.553836,0.06712731,-2.4056513,1.7921182,5.0298896,1.9104314,3.4571564,2-109371-C-16.wav,wind
-277.0148,220.90152,2.7820816,11.556441,17.69299,18.999592,13.18169,0.463663,-1.2639227,2.1671188,6.504126,3.1689272,4.2552013,2-109371-D-16.wav,wind
-379.47455,173.69173,37.24265,46.287064,16.787113,38.93898,14.6315565,11.1652,-6.106564,3.9481533,0.12064057,4.0368795,-1.1867745,2-109374-A-16.wav,wind
-588.0165,-125.40583,101.42639,-32.009792,-3.4760032,56.04347,-60.735172,74.58471,-47.791763,39.64445,-7.8044972,5.6176224,9.839532,2-110613-A-13.wav,crickets
-91.43773,123.62915,-81.16085,55.366463,-40.281654,32.831738,-21.254387,24.994827,-19.09487,19.60959,-9.262604,9.465038,-1.6976485,2-117625-A-10.wav,rain
-484.048,-27.12539,-131.44955,52.599632,47.306328,-28.701553,2.1512718,-3.387484,-5.02171,6.506999,-1.0554626,8.852875,-3.0809617,2-122616-A-14.wav,chirping_birds
-378.08163,96.967865,-4.226153,40.96276,-16.1847,21.098053,-4.031744,16.291714,1.6776588,9.410022,3.2429166,7.147097,6.4751296,2-124564-A-15.wav,water_drops
-200.17377,117.21627,-34.59092,27.560537,-28.40121,28.438456,-25.536545,21.895733,-13.81164,6.9213586,-8.376376,4.841547,-6.894837,2-124662-A-11.wav,sea_waves
-310.11832,48.994835,-13.031284,27.969547,-48.100674,26.338312,-27.592253,21.169685,-9.881894,10.549932,-3.7318292,13.045832,-12.54494,2-125821-A-13.wav,crickets
-230.71625,14.105881,14.993112,-38.128563,-20.036207,27.84248,-71.074684,37.28976,-47.171555,31.974646,-56.010857,17.799551,-32.956165,2-125875-A-13.wav,crickets
-185.49817,124.99764,-40.974297,21.342436,-20.051167,12.438025,-19.524887,12.449049,-13.064409,10.111339,-5.0728803,8.548021,-0.09851627,2-125966-A-11.wav,sea_waves
-260.31927,97.99344,-41.060425,47.698658,-20.187046,25.12559,-2.9710522,13.588305,3.143454,11.091889,7.6436844,5.1243396,3.7943807,2-126433-A-17.wav,pouring_water
-171.42416,142.87776,-30.102373,30.968266,-32.61684,19.037098,-25.262245,20.543434,-21.011614,8.96597,-8.832351,0.44320524,-7.299526,2-132157-A-11.wav,sea_waves
-154.15451,130.75812,-40.029873,37.477524,-36.172245,19.634436,-32.23772,18.462622,-24.365932,9.862817,-11.89471,0.7758166,-8.534021,2-132157-B-11.wav,sea_waves
-168.02354,152.77061,-36.22068,33.07074,-31.956337,13.988075,-19.272003,13.302396,-17.581057,12.429121,-12.465068,5.4540405,-0.13603173,2-133863-A-11.wav,sea_waves
-104.16766,145.40271,-62.03824,39.99435,-28.323437,26.369457,-25.461218,17.643232,-14.682082,8.889743,-9.1506,4.8452234,-5.372249,2-137162-A-11.wav,sea_waves
-557.6399,157.66165,43.08659,49.244896,-3.0174785,5.795492,-5.16347,-16.944216,2.0942502,2.8135955,-2.6378646,-6.0956635,-0.8302843,2-139748-A-15.wav,water_drops
-568.68756,162.17006,47.08365,47.350594,-2.3948474,9.038031,-8.419223,-15.979492,2.534074,-0.022789693,0.7688038,-4.9754124,-2.1644645,2-139748-B-15.wav,water_drops
-663.8731,110.46871,54.88939,16.733372,8.020434,6.337996,-8.7664795,4.003611,-7.0823565,1.1194934,-0.6570279,2.3319564,0.51038814,2-139749-A-15.wav,water_drops
-140.96521,150.88173,-39.01318,55.0784,-33.092712,20.53471,-27.352785,16.0418,-17.841068,19.78757,-8.41466,6.6919613,-3.1328666,2-155801-A-11.wav,sea_waves
-335.6308,129.52075,25.300886,58.506157,5.7267013,28.391932,-5.4523,18.212563,-25.19388,17.897625,-1.2007589,-0.44960743,-10.155124,2-160128-A-7.wav,insects
-447.7407,31.763905,-5.0637517,88.26277,1.3316807,52.807274,2.01302,17.633257,-6.719546,2.8783386,-5.11754,7.946955,7.0816574,2-18766-A-12.wav,crackling_fire
-523.76843,30.529015,-3.2775772,76.21099,10.508827,39.6289,14.383854,6.6796656,2.7489283,-1.2099377,5.6615057,6.3865585,9.702707,2-18766-B-12.wav,crackling_fire
-131.59099,211.00201,-32.071342,-23.414366,-50.949757,1.8098117,-20.673506,6.9849715,-4.4720306,5.8213105,-3.1851697,4.0672207,-2.574566,2-205966-A-16.wav,wind
-363.22845,103.62726,0.9970047,51.49272,-14.256347,33.56099,-7.2480054,20.501781,-4.291765,16.680908,1.5156089,8.230529,4.0188684,2-28314-A-12.wav,crackling_fire
-441.25943,98.059814,1.3250538,41.634693,-6.420239,26.4169,-2.1368847,13.324665,-0.83943784,11.168366,2.9963818,4.894876,3.5571308,2-28314-B-12.wav,crackling_fire
-330.0352,100.79822,2.2810497,56.56714,-13.732696,37.109745,-6.9041758,23.24649,-4.5536995,18.520498,0.81605256,9.560769,2.8411477,2-30322-A-12.wav,crackling_fire
-306.2189,106.44344,-6.8926797,56.469864,-13.485726,38.29575,-9.577692,22.152884,-6.617187,17.40465,-1.1369457,8.295442,0.36622995,2-30322-B-12.wav,crackling_fire
-238.06956,117.185616,-104.71505,-38.10187,10.825991,35.709568,8.249302,23.6746,38.454365,28.384174,3.5744002,-10.916806,-5.2848525,2-32515-A-4.wav,frog
-216.87405,158.08728,-0.8278449,25.274736,17.524134,37.60397,3.7303803,12.650862,17.88437,28.311045,4.9795365,-6.9247274,-5.6678147,2-32515-B-4.wav,frog
-238.87398,145.73657,-49.231197,-10.013142,13.987662,37.59209,10.995346,14.886071,27.861317,26.205067,2.8712177,-10.5821495,-6.0906196,2-32515-C-4.wav,frog
-264.19348,132.34026,-71.58059,-28.444014,14.05354,35.91491,9.3008995,17.618872,37.11179,31.529932,1.8657923,-14.702704,-9.704119,2-32515-D-4.wav,frog
-231.56848,155.74907,-48.811726,-7.404664,12.59905,40.630817,13.728003,13.778246,26.901382,30.839369,3.6028037,-13.275832,-10.266343,2-32834-A-4.wav,frog
-409.9248,180.40112,41.86017,33.76613,-2.5553424,2.635719,-1.5192778,12.408807,4.739798,-12.075757,4.296727,7.5591784,1.6277343,2-39441-A-19.wav,thunderstorm
-471.756,165.4251,54.853123,22.840797,1.954687,18.552364,14.343394,13.294858,6.463475,-5.411653,4.8883934,4.0228987,-0.051370934,2-39443-A-19.wav,thunderstorm
-264.01993,194.0279,21.155783,-24.413485,-0.0062321,9.953757,2.482115,2.3313437,-1.1497405,-4.819805,-3.6716175,1.1017002,-1.6723685,2-39443-B-19.wav,thunderstorm
-351.64465,215.71521,45.018497,-24.029003,-2.7146132,14.923941,10.763282,5.703805,0.42875886,-2.7811837,1.7971295,5.7608395,3.9144216,2-39945-A-19.wav,thunderstorm
-385.69733,186.35774,53.795998,-12.326274,-1.8314118,18.375538,17.505196,7.606638,-0.21967544,-2.1252944,2.1663556,5.429827,3.19524,2-39945-B-19.wav,thunderstorm
-258.39633,225.64294,12.779367,-21.409918,11.904407,13.098342,6.013013,4.9363537,-0.65838575,-7.1124253,0.30861628,6.7538495,0.51199675,2-39945-C-19.wav,thunderstorm
-331.52625,105.50889,-121.30509,-15.430789,19.935114,28.784544,14.753479,30.462261,39.840317,18.360102,-2.4827604,-10.512297,9.90879,2-52085-A-4.wav,frog
-335.59106,112.46846,-122.7727,-16.851782,16.785622,29.808666,13.966352,29.990683,38.485046,15.947539,-3.7900717,-12.046195,12.290623,2-52085-B-4.wav,frog
-377.95056,161.30315,3.846838,6.174969,-10.768278,34.071926,10.06253,19.717745,4.292575,4.856897,8.040406,18.917387,2.2846994,2-52789-A-4.wav,frog
-405.89328,110.36835,15.45451,44.632347,25.744427,17.776598,-1.8426893,8.94955,8.984138,7.5737405,5.32341,7.8534245,6.3214216,2-61311-A-12.wav,crackling_fire
-415.82193,76.9061,-60.817757,16.05695,-28.384312,15.896305,-15.354959,11.351762,-3.0168958,-3.6933188,-11.1533985,-2.585308,7.320869,2-64962-A-15.wav,water_drops
-495.84106,92.47477,-23.087976,4.8944826,-5.5691533,17.268974,-7.754648,0.25038916,-2.997554,-5.7550917,5.2942967,6.832677,9.028485,2-64963-A-15.wav,water_drops
-276.21436,76.57729,-18.788456,43.491177,-8.872201,40.356213,-7.504292,24.113682,-13.123976,7.9518523,-12.086183,15.274017,0.7617616,2-65747-A-12.wav,crackling_fire
-390.51154,47.614372,-12.309855,-7.0829034,-0.9646604,3.1877663,-2.3085015,1.5064088,-9.530392,-2.440666,-3.0734453,8.177419,5.985681,2-65750-A-1.wav,rooster
-466.6132,79.39497,7.044618,23.04954,9.429246,6.6963487,-4.283602,5.4745855,-3.0490751,9.543458,2.320174,4.6771183,0.021544702,2-68595-A-15.wav,water_drops
-514.75433,81.65674,18.683262,12.093111,2.8335228,10.572535,-3.874021,2.9827864,-4.1397038,5.4654713,1.3682377,8.588625,4.039836,2-68595-B-15.wav,water_drops
-510.8928,53.277122,-44.922337,-48.29256,-23.881956,5.1624703,3.7902954,-8.090375,-10.868152,1.320808,-7.6785593,1.3110467,5.9114466,2-71162-A-1.wav,rooster
-368.1725,33.573368,-83.28058,60.882133,8.919744,12.2642975,0.17126858,2.2549157,-12.475085,13.503226,7.483705,1.9865384,-10.893869,2-72547-A-14.wav,chirping_birds
-506.91013,107.3535,-60.364246,32.787933,13.625675,8.811106,-9.978891,8.628082,-4.7857566,5.6392465,-0.12569956,3.2890556,-0.9512495,2-72547-B-14.wav,chirping_birds
-387.53595,127.52014,-50.018562,81.17741,-6.446519,-2.2248585,-13.549819,19.23147,-19.86238,8.879683,-10.291047,13.287802,-1.912153,2-72547-C-14.wav,chirping_birds
-452.01074,134.8478,-13.884351,36.499714,11.483847,-32.142353,0.97084504,10.863698,-19.117432,-22.109692,-0.36872354,2.377889,0.6355877,2-72547-D-14.wav,chirping_birds
-122.704185,104.48148,-75.53139,53.524117,-47.916378,38.20365,-20.523632,26.911194,-21.492527,16.931627,-12.679422,12.81027,-8.747862,2-72970-A-10.wav,rain
-82.1845,95.70702,-46.195274,49.83727,-54.10809,44.34949,-45.278305,29.067768,-29.378883,11.984014,-12.596777,6.2206883,-7.2796526,2-73027-A-10.wav,rain
-235.48764,121.798904,5.344417,25.273329,-15.288648,31.893385,-13.626646,17.421114,-9.575561,14.94137,-11.759016,13.9637575,-9.589701,2-73260-A-10.wav,rain
-555.93945,-106.83618,-78.37592,66.0548,-30.14043,43.944206,1.5439546,48.540222,-14.032494,38.129387,2.3314712,17.036255,10.349357,2-80844-A-13.wav,crickets
-365.23917,106.891975,-2.0639677,3.3305438,-23.245,12.51704,-1.3784661,-0.63351125,-9.917445,3.2442381,-7.987349,-0.13709955,3.734915,2-81270-A-1.wav,rooster
-264.0636,49.88796,-50.666145,30.957672,-45.034454,14.813932,-30.112364,15.191775,-26.242437,3.6853802,-18.565048,1.3055437,-13.664977,2-81731-A-10.wav,rain
-339.1212,88.47834,-21.17816,14.085799,-16.229628,19.814283,-26.69219,14.93969,-12.371432,14.115064,-16.864954,2.4981363,-15.542022,2-81970-A-7.wav,insects
-325.10056,82.5358,-13.319143,15.483127,-9.9139595,17.096682,-24.760263,9.779277,-8.829489,7.0331316,-15.950676,-2.9238212,-14.634502,2-81970-B-7.wav,insects
-420.77066,76.20716,-24.54674,16.09136,-18.89846,20.860617,-37.38629,17.605467,-18.334805,16.721985,-22.669813,7.5129976,-22.933702,2-81970-C-7.wav,insects
-297.64267,142.2534,-2.499775,-3.633319,18.94765,-4.7343373,-10.232477,0.4215088,-2.0397785,-7.58884,-11.524397,-14.664221,-16.354982,2-82077-A-7.wav,insects
-191.47267,97.28814,-25.762983,54.133297,-41.88781,40.09732,-29.158928,23.254505,-15.765546,12.610449,-13.294872,8.689098,-6.1260448,2-82367-A-10.wav,rain
-589.2727,10.613066,-111.84158,85.21478,59.535213,8.751098,-25.453491,20.846708,48.374897,-2.4721098,-7.9170523,44.443607,13.39672,2-83270-A-13.wav,crickets
-302.05896,69.8911,26.427868,33.304806,4.2431865,38.978485,-23.817688,38.686825,1.9861307,7.357569,5.480215,18.541767,-0.94498783,2-85139-A-13.wav,crickets
-172.48575,130.11957,-48.938786,45.853294,-14.799222,40.398293,-7.102245,21.957312,7.6227093,4.560044,12.948943,-1.3622228,15.050378,2-87781-A-10.wav,rain
-542.16785,41.02864,-31.416307,-13.654527,-10.457789,12.850118,10.852369,-7.1676917,-2.0192654,3.877101,11.501952,18.69797,7.613692,2-95035-A-1.wav,rooster
-434.5343,65.72457,-38.841,6.2856674,10.680425,6.457371,7.160638,6.401641,12.3094845,15.353443,13.48192,7.6061926,0.2398055,2-95258-A-1.wav,rooster
-394.9206,93.25025,-32.253212,-0.6350381,6.2644463,5.6925426,2.4608054,8.146764,10.893481,16.878286,18.599035,10.072485,-2.322184,2-95258-B-1.wav,rooster
-340.4549,143.32088,30.433054,78.759995,-26.419456,35.794205,42.11581,-6.8214107,4.4699674,36.617065,-20.54889,15.82631,14.956621,2-96033-A-13.wav,crickets
-443.15588,72.72843,-11.304506,4.4675117,3.518366,10.647069,-4.5977635,0.44884843,4.7805953,6.1352935,3.7238586,1.7125658,-4.841302,2-96460-A-1.wav,rooster
-469.11273,105.92664,39.25641,21.38554,-3.552966,10.210023,-11.5933075,4.8730774,-10.251592,8.0448265,-9.34431,6.751747,-7.879611,2-99955-A-7.wav,insects
-505.7102,73.012505,24.90781,14.640514,-1.5705978,8.452392,-8.593375,5.082184,-7.7661123,7.2860365,-6.0167456,5.9652596,-4.131227,2-99955-B-7.wav,insects
-487.44952,93.469894,29.685125,18.370403,-3.18703,11.291542,-12.0977125,1.9651738,-13.3087635,5.910106,-9.409687,5.233735,-5.271053,2-99955-C-7.wav,insects
-224.57286,113.761635,-87.425026,64.377335,1.7533232,2.233347,-2.7284565,15.923814,0.117469944,9.741935,-4.2970567,3.6763108,5.376526,3-102908-A-4.wav,frog
-480.08527,140.09471,82.25121,54.95542,29.75575,21.137486,14.943882,9.434683,5.6387587,4.0905433,3.2161024,0.44406867,0.2940446,3-103050-A-19.wav,thunderstorm
-485.67935,139.86665,61.565834,37.975063,5.651084,9.238667,4.358248,11.176735,2.5400558,7.2205048,0.79044455,6.1661906,-0.41215122,3-103051-A-19.wav,thunderstorm
-495.3727,121.3635,51.10738,41.129192,18.265287,14.84883,9.203179,7.4948983,3.3678236,6.389217,4.5319853,4.425912,-0.31109634,3-103051-B-19.wav,thunderstorm
-434.80212,182.17477,64.93703,22.707657,-0.7694166,6.4928927,8.271874,4.3314066,-0.48461628,2.9754353,4.276953,2.737145,-2.045897,3-103051-C-19.wav,thunderstorm
-508.3962,101.34594,-18.971277,13.322218,-23.800858,3.3310862,-30.45983,-3.3474789,-23.804094,-2.3260207,-10.377833,9.369614,-7.531233,3-104632-A-12.wav,crackling_fire
-247.0059,98.44672,18.791885,37.27725,-0.19274952,21.58953,4.613022,28.544016,-8.3652,15.2254305,6.8678813,4.0425444,2.1341882,3-104761-A-7.wav,insects
-238.15791,101.20824,7.661792,45.503136,-11.41106,22.018366,-4.613125,39.343266,-20.517447,20.110178,1.8750212,4.7263937,-9.901173,3-104761-B-7.wav,insects
-507.2139,22.818785,31.008629,15.706849,4.520115,14.062389,2.8092563,5.069628,2.6210227,0.64617574,2.805105,4.6008506,-2.0072274,3-104958-A-12.wav,crackling_fire
-311.69308,113.14212,-24.358297,53.92763,0.1478583,6.9806147,-7.432562,14.091931,-4.6847515,10.2979355,-10.229855,10.287051,-1.4382166,3-105235-A-7.wav,insects
-315.55374,108.97247,-24.852406,44.01158,-3.6259937,14.91952,-8.312626,22.713396,-8.201752,11.712668,-11.368072,9.103551,-5.249332,3-105236-A-7.wav,insects
-508.41394,18.588587,-39.289593,6.8557577,-2.10393,-0.59081084,-12.464743,-6.4168053,1.7045841,8.435327,12.548829,7.445347,4.6272063,3-107219-A-1.wav,rooster
-339.8199,72.99166,-78.56199,32.86537,-16.227627,8.008113,-17.42528,5.1215067,-3.8327694,17.106495,0.28373715,12.842037,2.2551444,3-108451-A-17.wav,pouring_water
-337.41052,29.652527,-74.74452,51.258663,-20.045008,15.6626625,-18.605122,1.5020962,-4.824002,16.452856,-2.5953531,18.039803,5.9379673,3-108451-B-17.wav,pouring_water
-238.1529,122.158936,3.574478,27.245518,0.32185644,31.386795,-2.0763462,21.426434,-10.015795,13.356812,-8.699621,12.267897,-7.1154914,3-110913-A-7.wav,insects
-258.55106,126.382286,4.6300573,30.177794,0.7907008,34.182972,-1.2403083,22.625147,-9.536016,16.91389,-8.463672,16.036743,-4.914707,3-110913-B-7.wav,insects
-234.93387,122.84726,0.22226766,26.365797,-4.229044,30.687944,-4.9142866,21.769304,-11.728065,16.626606,-8.626861,15.538775,-5.0595126,3-110913-C-7.wav,insects
-194.22404,123.08881,-9.605365,15.465866,-6.7542224,31.295454,-5.311812,19.696684,-14.427586,13.736332,-10.654024,15.739366,-5.803115,3-110913-D-7.wav,insects
-282.62912,197.27753,-18.943592,-7.025036,8.207907,29.365122,26.241583,13.90868,-2.2904065,6.1224103,3.6126666,9.439248,2.254587,3-112397-A-9.wav,crow
-512.7697,23.460419,-32.261044,-31.746054,-14.716474,20.693123,-9.952148,-12.809739,-12.343107,13.524036,27.996635,13.266935,0.74824315,3-116135-A-1.wav,rooster
-343.464,110.86007,-16.884817,19.389488,-0.8618301,7.5031214,21.856634,6.8231635,-0.15034488,-3.5477839,2.472737,9.995257,7.909313,3-117293-A-9.wav,crow
-256.5367,198.22762,-35.414494,25.787663,-33.51413,15.520144,-13.715918,0.9042929,-3.656458,-2.8585117,-6.7010274,7.6306205,1.4248124,3-117504-A-16.wav,wind
-284.7232,206.66425,-32.267944,23.458395,-31.70773,15.015226,-15.746056,0.9679693,-8.056062,-3.9695392,-9.6199465,7.7341843,-0.6051173,3-117504-B-16.wav,wind
-423.2686,70.58956,13.842525,59.45937,6.099014,43.448837,3.8805568,29.618425,6.644206,21.168526,8.568579,14.705726,6.1379766,3-120644-A-12.wav,crackling_fire
-657.1604,48.201946,-39.945385,-0.79121166,-13.238268,12.902704,-0.062461805,-1.754481,-5.2045946,-0.749609,-2.3557615,5.5494637,0.24995488,3-121348-A-9.wav,crow
-295.66687,196.74345,11.368739,23.447834,-10.978834,3.2955432,8.281814,4.609504,1.1656549,0.4131488,1.9585339,-0.44794777,5.3552265,3-123224-A-19.wav,thunderstorm
-378.40836,141.00143,30.709518,25.752485,29.155005,13.87389,13.069342,12.522929,10.637393,10.386721,7.489709,5.8339276,5.599781,3-124600-A-19.wav,thunderstorm
-610.3899,24.290373,-15.525643,-1.8551027,-0.23075621,8.750813,-1.2028916,-1.3429674,3.0577126,2.9644847,-0.7761142,3.1052997,0.51605946,3-124925-A-9.wav,crow
-433.9702,27.496313,-2.676009,-4.3221974,-21.776152,9.606332,-14.923039,-0.3564128,-14.961513,5.6346397,-7.7756367,5.217487,-3.7400365,3-127874-A-17.wav,pouring_water
-185.57005,173.76295,-101.579865,-1.7498788,-9.293408,46.095898,19.60186,-0.25582242,8.389496,15.301162,1.1575199,13.166234,4.310482,3-127890-A-9.wav,crow
-186.46043,182.28151,-97.89708,-1.7149527,-12.644602,40.101665,18.115747,0.53324616,9.805512,14.334632,-2.8482504,15.915694,7.565504,3-127890-B-9.wav,crow
-215.011,182.06674,-87.98094,-3.7354932,-12.596776,40.544254,17.953104,-0.14757742,4.261914,15.990118,-4.682435,16.612104,11.405704,3-127890-C-9.wav,crow
-326.21954,165.44116,-50.820168,8.144179,-11.621667,16.205496,-14.465726,-4.2514877,-5.5623727,5.73677,-11.278202,-9.387743,-7.8748846,3-129264-A-9.wav,crow
-327.4757,84.6893,-47.216385,58.141323,-26.303228,9.889134,-12.299188,28.946268,-18.927212,4.342441,-3.9314187,7.484398,-25.091208,3-129338-A-13.wav,crickets
-312.70425,104.75274,-56.51977,123.359695,-22.634527,-11.853939,17.005886,30.586527,5.516036,0.9889944,-21.087404,41.78457,-10.839853,3-129678-A-13.wav,crickets
-210.46965,180.95064,-31.464128,17.25232,12.334599,16.391703,-1.4543504,8.770373,4.706846,5.920629,8.757511,8.209842,7.6266418,3-132852-A-10.wav,rain
-397.48724,74.48464,-51.14812,-29.339506,-23.950628,-8.9571295,10.928148,3.4167213,-0.7256001,-3.7021291,-4.1530685,7.8693175,19.72678,3-134049-A-1.wav,rooster
-277.83493,149.32779,21.589445,37.67171,2.2139733,17.312576,-1.9395268,13.0131035,-3.9101777,10.064564,2.1295762,2.0779731,2.7629843,3-134699-A-16.wav,wind
-226.64305,147.70535,23.79563,32.60417,7.1077933,14.438801,0.7892893,9.116034,1.5142839,7.0775795,3.6298356,3.4094996,4.216419,3-134699-B-16.wav,wind
-192.6105,142.94664,15.379298,46.522198,4.484834,14.588675,3.8806028,12.902269,-5.584607,12.172404,5.417768,-0.82282335,3.8151596,3-134699-C-16.wav,wind
-443.05185,19.378202,-23.59669,63.276237,-9.391447,-29.97591,5.4232316,23.58364,-40.43933,-1.2461439,3.8559294,1.4993862,-34.89234,3-134802-A-13.wav,crickets
-111.94699,157.32347,-8.232304,14.061734,-20.83602,4.7200365,-17.45091,12.245017,-14.6513815,8.63782,-10.170165,11.684668,-9.626619,3-136608-A-16.wav,wind
-407.14572,70.097694,-17.330313,-2.7613392,-20.069567,-0.39399624,-1.7978739,-7.7300863,-6.318169,-4.234851,-1.1475328,4.5844994,5.3306894,3-137152-A-1.wav,rooster
-207.84459,222.6813,-38.024406,33.03277,-4.625033,8.643815,0.7270119,0.8239028,-10.475436,-3.00353,-7.260888,0.31809556,-1.2787,3-140774-A-10.wav,rain
-101.2989,117.64003,-29.76912,44.783325,-47.089424,24.856009,-21.12811,22.394255,-19.045176,15.911563,-14.553918,5.673077,-4.6384196,3-142005-A-10.wav,rain
-100.56491,134.21318,-45.20327,48.56568,-64.81126,32.85545,-32.913723,29.387148,-29.315273,22.66606,-21.975418,10.244769,-8.201583,3-142006-A-10.wav,rain
-353.1961,89.29486,-41.124283,18.254217,-20.224035,24.69061,1.3396872,16.75125,4.3265953,5.3143086,-1.2813219,6.2774377,-3.0647144,3-142349-A-17.wav,pouring_water
-188.00462,146.99126,-7.3662133,70.76254,7.960912,28.983595,1.8665724,23.074518,3.0240786,12.095472,-0.48937201,3.2665982,3.4913938,3-143929-A-10.wav,rain
-103.03278,169.02065,-67.846535,30.204765,-57.09937,17.409634,-27.153536,7.88744,-26.55181,-0.1632489,-17.460527,0.8024118,-3.8766036,3-144827-A-11.wav,sea_waves
-120.48846,167.84035,-49.27118,24.780909,-61.64596,12.146032,-21.403494,4.198356,-26.60429,-4.1245,-16.95791,-3.5999405,-6.0660777,3-144827-B-11.wav,sea_waves
-299.42017,194.01157,27.764442,7.9591794,-1.5456372,17.989155,-4.7084618,1.6323043,-0.0013862486,-4.311071,0.087644465,-3.934866,-2.1019719,3-144891-A-19.wav,thunderstorm
-265.27838,202.36731,-4.0341578,-9.278638,8.748617,12.9022,-2.1268358,-1.8120115,0.11991907,-3.7737992,0.7861042,-2.630272,-2.6321135,3-144891-B-19.wav,thunderstorm
-422.99472,53.353443,-7.539895,-5.092265,-14.348468,1.0386968,13.431815,5.7324305,1.6847403,-2.3655062,5.2974677,13.713826,14.818953,3-145382-A-1.wav,rooster
-484.00668,46.995426,-32.671986,2.8281975,-19.539206,13.665828,-10.71239,15.859748,7.5914702,17.672535,6.6330276,10.599172,6.424073,3-145719-A-17.wav,pouring_water
-450.28632,78.65289,31.148605,64.231125,6.1863885,36.105247,-3.6434946,28.141188,-4.520897,13.205008,2.7428384,6.491733,4.450473,3-145774-A-12.wav,crackling_fire
-478.64597,152.58208,16.620745,37.92723,-5.469329,-3.9923024,17.658875,28.726595,-19.03312,7.99875,25.85355,3.1605732,-4.7777724,3-146033-A-13.wav,crickets
-288.48224,73.79669,-21.391975,60.598316,-11.477453,32.12172,-1.6693792,25.734592,1.3241904,22.413239,-0.18322167,13.7091,0.3072877,3-147965-A-12.wav,crackling_fire
-456.09082,23.52959,-12.088734,-9.484399,-11.118994,6.4088206,-1.2271035,-2.3346076,-4.7684007,-0.6024509,4.792297,14.2208395,17.978415,3-149189-A-1.wav,rooster
-389.1769,52.334873,-87.52181,12.496306,-57.802258,42.41711,-26.125309,28.142256,-4.629526,-1.9485697,-8.202571,5.8177366,-2.9443793,3-149448-A-17.wav,pouring_water
-355.56677,56.278805,-44.852287,13.221006,-10.872132,25.232346,-2.0595067,25.47176,4.411685,13.987032,8.319763,10.600367,4.0830736,3-154439-A-17.wav,pouring_water
-311.1691,28.597364,-27.698053,-10.968636,-25.288006,3.7339804,0.7159003,-8.517242,-10.589951,-5.952799,-0.49564952,20.104927,15.026317,3-154957-A-1.wav,rooster
-124.81195,99.45222,-31.636995,50.675144,-21.70842,6.93896,-10.94938,20.591053,-25.70446,15.986106,-18.537588,10.346757,-14.859678,3-155577-A-14.wav,chirping_birds
-149.90776,60.139446,-50.520454,45.939423,-25.044256,1.2076901,-3.3753898,30.39576,-19.688978,10.202565,-10.318438,5.469289,-16.244505,3-155578-A-14.wav,chirping_birds
-160.51074,51.209206,-33.359787,59.15201,0.012307577,4.142276,-8.499992,23.387209,-15.220589,9.441508,-10.137193,5.7189527,-14.626821,3-155579-A-14.wav,chirping_birds
-319.45984,140.70494,-24.759857,51.860523,-7.484773,2.8935945,9.608023,7.957335,19.150293,-1.8040104,23.900358,-10.698934,6.7890654,3-155583-A-14.wav,chirping_birds
-361.55466,149.89363,-22.286253,64.194695,18.995213,-1.4998665,7.7109346,4.9667244,9.815151,0.17434126,20.178907,1.7886187,-2.3205013,3-155584-A-14.wav,chirping_birds
-128.56056,172.61902,-17.397127,44.1895,-39.31595,27.85612,-19.031366,15.884995,-19.242975,15.086496,-16.5353,3.7121894,-7.4605703,3-155642-A-11.wav,sea_waves
-113.66074,166.99492,-18.272161,46.17501,-40.184853,29.302942,-20.599646,17.277481,-20.087893,13.410759,-14.346365,3.980811,-7.773774,3-155642-B-11.wav,sea_waves
-726.43976,33.634876,-96.011894,-93.98801,13.565201,102.861984,36.01613,-51.836292,-64.35669,13.481203,41.777153,9.956202,-24.010426,3-155766-A-13.wav,crickets
-311.822,49.22174,-44.19246,31.299095,8.138424,33.400204,-12.591513,13.276145,-15.942438,30.662336,1.5015472,12.2100315,-14.473959,3-156581-A-14.wav,chirping_birds
-265.34805,34.594624,-74.77284,56.23124,6.2545404,27.600403,-10.339017,12.179871,-15.451722,30.285,3.8161144,8.770278,-8.8877945,3-156581-B-14.wav,chirping_birds
-597.89014,13.770877,4.1038833,2.227171,-0.63290435,0.107570454,-1.9011256,-1.5340265,-2.3326032,-1.6364235,-1.5222555,-1.0958774,-1.4447762,3-156907-A-15.wav,water_drops
-121.3303,71.58097,-94.52432,52.975384,-78.496765,30.617804,-69.867516,15.204937,-49.13529,7.839908,-33.236404,-3.329258,-20.758709,3-157149-A-10.wav,rain
-470.46686,42.139412,10.37714,23.40784,4.861599,16.067596,2.2156303,12.290843,2.2100787,6.890855,2.1670988,3.4454348,1.8082058,3-157187-A-12.wav,crackling_fire
-172.00627,137.85936,-24.674553,30.888771,-13.020078,42.843822,-14.644184,24.562704,-3.074255,12.26078,-2.899917,9.630535,-2.4924464,3-157487-A-10.wav,rain
-114.56968,48.08622,-65.49396,42.294395,-53.358685,27.942326,-39.03123,19.541319,-33.736347,13.074338,-26.153204,13.90139,-24.01421,3-157615-A-10.wav,rain
-486.3025,82.34038,15.344829,52.824898,3.1849964,36.61537,10.460714,23.554564,7.6356997,19.423313,6.6969323,12.049193,3.8216357,3-158476-A-12.wav,crackling_fire
-645.3975,22.841763,0.7312525,4.2884274,0.12775601,2.0014284,-0.6592302,1.3853246,-1.236338,-0.50323474,-1.021421,-2.0386393,-2.7040658,3-160119-A-15.wav,water_drops
-204.86882,97.79142,-38.93429,14.928988,-17.104458,34.256115,-20.332647,5.4553604,-15.412037,4.3658423,-9.2413025,6.9588823,-7.602059,3-161500-A-17.wav,pouring_water
-273.34863,110.45862,-31.326838,35.143936,0.5632666,21.718603,-26.49918,10.732225,7.831874,22.48775,-21.059582,-4.344361,8.404476,3-162786-A-13.wav,crickets
-449.3657,54.094303,-43.88782,-28.567808,-8.683644,-12.6305,-9.396175,2.463887,9.439955,9.687089,12.778202,10.334254,2.4238024,3-163288-A-1.wav,rooster
-403.89807,167.94037,13.708513,29.511343,-8.844238,16.860994,-2.5222745,4.7374353,5.6142507,-3.3555582,11.738165,1.2245114,3.4031963,3-163607-A-13.wav,crickets
-482.85846,150.07892,11.652133,57.088806,-33.16507,38.191326,-22.667002,17.35276,0.28623095,-1.4789438,5.778169,4.43646,-4.410419,3-163607-B-13.wav,crickets
-116.945076,140.49532,-60.919464,55.628635,-43.418766,34.400337,-17.864084,7.7028556,-5.6724963,13.265781,-10.826141,5.7450566,0.14022706,3-164120-A-11.wav,sea_waves
-690.667,16.167665,3.133026,4.9928117,1.9092128,3.982343,1.1060432,3.4485297,2.02447,2.3788826,1.0935686,1.6211178,1.0822973,3-164592-A-15.wav,water_drops
-612.1239,10.093285,2.4976435,6.8826165,1.2406659,4.4648857,0.3912879,2.4817193,0.71270645,1.8642087,0.7225781,0.23862544,0.030633878,3-164593-A-15.wav,water_drops
-631.61847,4.035559,-4.819266,3.600036,0.07486047,3.24926,1.3360921,2.9162457,1.4820142,3.4972985,2.2412,2.437334,1.3847697,3-164594-A-15.wav,water_drops
-719.1012,25.67085,-1.9257051,3.6792119,-1.8296615,2.7120833,-0.7005498,3.4919958,-0.42488462,2.547726,-0.36191413,2.0275412,-0.008496243,3-164595-A-15.wav,water_drops
-87.54677,120.427,-41.278603,23.026049,-29.446749,21.96667,-30.676365,22.80056,-21.083632,7.7930293,-14.7149,5.926529,-7.294059,3-164630-A-11.wav,sea_waves
-741.6605,36.976707,10.084504,18.934631,9.174704,9.481792,6.059948,5.653393,2.1730971,2.1669407,-0.0020123192,1.7662028,-0.49726155,3-166324-A-15.wav,water_drops
-610.1978,33.123528,-80.65307,-45.58794,-21.73453,9.095279,9.314508,5.845518,-2.3491902,1.4584115,-0.11346531,0.22975864,1.4457027,3-166326-A-15.wav,water_drops
-83.01528,120.54465,-56.02228,26.698566,-26.885536,14.338534,-24.805317,22.732603,-19.79448,3.7622075,-14.671562,7.1661882,-12.045439,3-166422-A-11.wav,sea_waves
-514.4348,144.01993,-39.590694,40.917297,-10.265498,7.0756783,-2.7127955,-8.049606,20.581867,-14.274737,-6.9776244,-4.804871,-3.0319297,3-181132-A-14.wav,chirping_birds
-359.9926,76.352974,-19.966848,21.361523,-8.204952,19.856394,-13.269882,9.566059,-9.728815,5.4077306,-2.9337585,4.117158,0.57929516,3-187710-A-11.wav,sea_waves
-213.21599,200.53452,26.1144,10.338971,1.7955478,-9.4658575,-5.4998837,-7.637335,-2.3878205,1.8063529,8.159374,14.220687,12.572747,3-246513-A-16.wav,wind
-254.56706,187.44273,30.337154,7.489867,5.8025312,-12.819299,-12.163211,-10.904005,-10.437845,-5.0024285,1.5057049,7.652006,7.56734,3-246513-B-16.wav,wind
-313.5179,90.46165,-21.628288,47.812855,-8.671841,41.144413,-10.512992,24.204412,-17.153322,16.727152,-4.696831,11.998728,-10.933762,3-65748-A-12.wav,crackling_fire
-398.7129,115.99883,-50.004913,34.474873,0.51814526,42.758945,-17.098742,18.467098,-0.2826092,9.549948,10.132903,0.58204705,16.502209,3-70962-A-4.wav,frog
-362.1751,128.7384,-69.598564,5.521012,-3.8676941,31.144005,-24.496584,8.603393,-11.993279,-5.443148,14.364898,-4.3510923,9.091835,3-70962-B-4.wav,frog
-225.59186,158.3078,-127.384224,1.620355,-7.9591374,12.836755,-20.812113,-15.534503,-27.05542,1.6865116,5.2021365,-17.22273,8.35909,3-70962-C-4.wav,frog
-469.19846,113.99486,-14.294434,-11.07648,23.800909,41.000145,7.776475,0.5970047,23.444828,25.056137,18.71339,-3.9206452,-10.94079,3-71964-A-4.wav,frog
-375.2427,116.004715,-60.003,-28.643145,12.01317,43.058563,1.6346583,10.659628,38.98712,24.61364,14.655092,-10.669188,-12.073015,3-71964-B-4.wav,frog
-369.8107,108.46311,-53.69768,-29.818228,11.899324,38.15933,0.47366035,10.571216,35.86997,30.925161,20.033997,-9.861992,-13.332274,3-71964-C-4.wav,frog
-431.04294,117.99793,-61.361588,43.979897,6.538123,-22.671907,17.612291,-5.622089,-16.188437,38.22158,24.151999,11.30686,28.28396,3-83527-A-4.wav,frog
-432.75266,176.5659,11.7853985,15.407442,25.818768,2.9969983,5.5694633,12.766774,1.0812322,-2.215066,5.574439,3.9220147,0.4850115,4-125070-A-19.wav,thunderstorm
-546.3762,182.18695,70.731995,16.16279,3.0760248,8.823713,15.247205,11.162062,1.95007,-2.1836312,3.776147,6.0065436,2.055783,4-125071-A-19.wav,thunderstorm
-397.14603,199.62857,55.537666,-5.8543615,4.0828896,10.700023,-0.6671158,-5.6502705,-2.680118,0.85134697,2.670251,1.1606548,-1.3693364,4-125072-A-19.wav,thunderstorm
-299.85382,202.39987,31.140898,-2.9244485,11.467785,5.4594445,-2.6265864,0.5035475,0.015605811,-0.08600459,1.1922534,-2.0780673,-3.6827474,4-125072-B-19.wav,thunderstorm
-256.2378,97.79568,-53.778423,20.384903,-18.476147,-7.717757,-12.602206,-12.190613,14.442323,14.207949,-19.865208,6.830699,6.9568377,4-130584-A-4.wav,frog
-367.2284,104.91142,-12.517263,4.038266,-26.663383,6.660463,-17.15778,4.800863,-14.686247,-0.92319125,-9.601279,-4.901348,-5.0188866,4-130891-A-7.wav,insects
-597.51776,10.995985,2.4619055,2.9026065,-3.7246172,3.8902473,-3.8828719,3.141137,-3.6090221,1.4521675,-3.1038997,2.9042056,-2.6760755,4-133895-A-7.wav,insects
-398.67307,79.435165,-34.85087,5.3811483,-6.139405,20.20654,7.0083547,-4.5708055,4.075579,6.482437,0.88000715,1.1113403,8.79316,4-136381-A-9.wav,crow
-331.83374,121.57633,-34.737556,40.35877,-10.724566,20.253113,10.07959,2.789597,-5.55788,-4.524527,-7.227716,-4.3568163,-0.91587484,4-138344-A-9.wav,crow
-321.70203,172.45697,29.515188,9.935139,0.35212922,19.851397,0.22949594,13.689285,2.9751494,8.649925,2.070576,4.5855455,0.10307914,4-143118-A-7.wav,insects
-284.9107,175.99358,20.630833,13.073103,-7.3506947,23.211533,-4.3791575,15.191284,-1.7754971,10.769977,-3.8915024,5.670841,-5.8487525,4-143118-B-7.wav,insects
-218.02988,225.97444,-20.498495,20.940899,-11.967253,8.710967,-0.78996384,10.595517,-9.497162,6.4431353,0.17803662,1.6422234,-3.1945722,4-144083-A-16.wav,wind
-300.2841,209.32463,35.246567,8.440374,-7.4349833,13.163183,1.6448987,4.8705654,-10.311657,-1.7867427,-3.691337,-0.9553535,-4.979695,4-144083-B-16.wav,wind
-283.06158,221.07404,28.901691,-1.7362857,-16.353214,8.048478,0.20187652,3.9328873,-12.043467,-3.2533152,-4.1062155,-2.0403044,-6.1729383,4-144083-C-16.wav,wind
-332.2668,200.08945,37.084015,8.363532,-17.041061,6.116911,-3.8328433,1.5998166,-12.001766,-2.7847078,-5.9972672,-0.2385222,-9.379884,4-144085-A-16.wav,wind
-172.63425,159.45541,-36.875816,8.14173,-6.693877,9.028342,38.52219,21.141983,0.8944149,7.9232535,1.8323091,13.927811,18.170504,4-145081-A-9.wav,crow
-196.98088,181.26227,-97.76017,-24.932278,0.5952871,11.699765,-3.6794293,-9.55277,16.328285,42.647804,13.240198,-10.84581,-14.295816,4-154793-A-4.wav,frog
-400.97455,168.60226,-60.047264,19.15096,-17.370226,37.71043,-3.2428322,14.511377,-8.979661,10.352967,-0.74902797,13.30886,-5.6308494,4-156227-A-9.wav,crow
-254.54675,164.57225,-5.199068,25.265442,-1.680171,10.069386,3.1769483,3.5063128,1.990936,-1.5886109,1.7717891,-0.99267846,2.6365154,4-156993-A-19.wav,thunderstorm
-401.6024,81.1426,-45.6449,5.163918,-11.142756,23.122328,6.6355305,-0.27892897,4.3048687,7.4292407,1.643519,5.729302,4.875026,4-159426-A-9.wav,crow
-354.212,109.72884,-49.312145,9.683913,23.774134,-10.590754,10.935537,11.806643,1.0587095,10.733883,3.4891632,3.5413952,10.623443,4-159609-A-14.wav,chirping_birds
-339.67953,81.846085,-56.141495,17.629011,27.253845,-15.699405,4.0473495,17.964575,2.4014647,5.816743,4.98296,1.091724,8.464929,4-159609-B-14.wav,chirping_birds
-89.31022,123.601364,-82.03196,42.811707,-61.377228,34.69116,-42.343018,23.085035,-25.639967,8.8820715,-17.493946,1.2199202,-9.358604,4-160999-A-10.wav,rain
-79.0368,122.29911,-61.05929,49.42088,-19.659023,33.03865,-8.468127,20.182499,-3.6861317,15.853993,-2.3652532,14.216686,-2.8549988,4-161127-A-10.wav,rain
-378.0826,178.73329,95.01634,21.224566,-7.914118,0.29658306,15.848012,17.901255,8.70143,1.2469962,0.98182553,3.4506953,3.9822881,4-161519-A-19.wav,thunderstorm
-136.78279,97.70939,-51.81897,42.471478,-25.474009,35.270096,-24.380398,24.815645,-8.961214,14.499964,-2.9846401,10.198629,-0.35923254,4-163264-A-10.wav,rain
-349.2814,169.86327,49.689545,41.847973,21.649109,6.5522413,0.8336007,-0.65544343,7.3214617,2.8196685,4.759703,-0.5760763,-13.364469,4-163606-A-16.wav,wind
-298.48462,151.91878,18.329031,31.019495,19.95432,9.770756,13.86799,7.413898,9.214493,7.7552433,9.190362,9.289073,4.8231597,4-163608-B-16.wav,wind
-339.35376,218.43936,48.37738,12.702856,20.70985,14.664115,-6.1229463,2.9423804,-4.5958834,5.239499,-4.245677,6.3978443,-7.2623916,4-163609-A-16.wav,wind
-336.78677,205.8451,46.064384,18.762976,25.551744,15.649058,0.26995385,1.6541183,-0.71394956,4.4493375,-0.7339175,4.8658137,-4.526511,4-163609-B-16.wav,wind
-378.07352,-13.623045,-88.9882,112.61168,-19.955809,29.24007,-11.09152,7.3642077,-8.155399,32.856876,-3.3128438,-12.705796,-2.9481075,4-163697-A-13.wav,crickets
-415.35007,85.95863,-34.99434,-15.599056,-20.942375,14.757684,7.1073413,2.1465707,-7.93586,12.699999,-3.7148602,1.2472397,19.503962,4-164021-A-1.wav,rooster
-465.68396,43.861538,-45.438442,-19.615967,-4.900276,-1.8307647,-11.406401,2.5551355,16.125103,7.9894423,11.430489,11.489388,0.59359884,4-164064-A-1.wav,rooster
-487.1221,40.626366,-55.471336,-22.31061,-21.190222,-9.035789,-17.95316,-4.0195346,3.5854347,-0.60140115,7.1394157,7.9695096,4.3054614,4-164064-B-1.wav,rooster
-457.50253,20.353762,-40.831673,-24.268936,-19.502346,-0.89769787,-16.654789,1.8659371,2.4584076,-0.6672536,4.422239,10.552238,2.2613244,4-164064-C-1.wav,rooster
-108.2199,116.85195,-55.094067,52.257015,-47.15171,49.820568,-38.347866,36.30925,-21.569212,23.92194,-10.989423,10.613078,-6.889898,4-164206-A-10.wav,rain
-210.75975,63.284523,76.25008,44.308094,0.091907755,17.449753,16.954613,17.221724,11.219286,13.012368,7.009838,9.439864,4.8963747,4-164661-A-12.wav,crackling_fire
-407.84042,49.966805,51.83921,40.27594,-3.198965,18.769884,8.0043545,16.594402,4.1289744,11.62326,2.3105962,8.633088,1.873783,4-164661-B-12.wav,crackling_fire
-412.00656,79.83316,-23.003626,-44.97381,-13.625189,-0.12898314,-9.389288,-7.969211,-0.9877699,-4.2417655,0.88622975,14.062827,11.340092,4-164859-A-1.wav,rooster
-307.82568,172.38017,45.66411,-13.055459,-1.4238111,14.97775,5.7459345,-6.6013055,-3.4511387,3.355178,1.6241671,-3.16811,-3.1776137,4-165813-A-19.wav,thunderstorm
-352.10492,162.53654,67.4983,11.035043,5.387484,13.072137,10.109138,2.549746,0.50192,1.8862928,1.6203257,-0.542049,-2.2987208,4-165813-B-19.wav,thunderstorm
-77.52251,163.45401,-82.14109,46.80751,-36.329002,30.552141,-26.973473,20.308235,-19.104136,17.092512,-14.863737,6.1853156,-5.229932,4-166661-A-10.wav,rain
-108.8907,143.80403,-58.190685,33.537674,-34.74525,19.103659,-23.346125,12.753914,-18.404444,9.726019,-12.794934,4.835531,-9.765665,4-167063-A-11.wav,sea_waves
-110.19428,138.61536,-53.257114,26.758057,-35.284557,12.039619,-20.716906,7.0968146,-17.987951,4.681709,-12.331256,1.4899347,-9.378624,4-167063-B-11.wav,sea_waves
-101.80274,142.9236,-54.983246,28.481937,-36.434166,15.983511,-21.527016,8.939911,-18.10382,6.5088725,-13.278152,3.4861574,-9.921256,4-167063-C-11.wav,sea_waves
-503.87744,85.41521,58.824936,33.35461,15.041752,9.939194,7.6576695,11.409746,10.0918865,6.063138,1.7453644,1.3466651,4.36538,4-168155-A-15.wav,water_drops
-408.68286,157.73769,-50.713974,17.71871,16.244833,-26.375036,14.340119,10.147611,3.0156455,18.833555,-3.9436376,-4.324973,7.8540773,4-168868-A-17.wav,pouring_water
-455.17664,72.07559,-6.482192,-10.049552,-6.8689694,9.211942,1.587593,1.0275736,-1.6370187,4.8609676,4.0308633,6.200478,9.685244,4-170078-A-1.wav,rooster
-384.1883,101.82818,31.966457,56.5488,9.251856,28.0726,7.7401447,23.378115,4.4086,17.521519,2.3747437,12.377251,3.7801685,4-170247-A-12.wav,crackling_fire
-337.83368,120.172386,33.57525,45.00278,14.562031,24.820242,8.840286,22.444881,4.0688224,15.686433,3.3784733,13.062603,6.448151,4-170247-B-12.wav,crackling_fire
-329.9226,124.57889,59.080437,50.07303,4.9214644,28.163855,16.01411,25.20639,4.5104575,15.458452,9.646731,13.403617,22.103804,4-171207-A-12.wav,crackling_fire
-523.09766,131.40352,-97.632,34.26599,7.999147,2.3267832,-38.90417,8.750461,9.886227,16.840786,-23.668064,2.178032,11.204205,4-171823-A-13.wav,crickets
-438.96426,150.37125,-3.5067773,47.363537,-22.505463,32.80032,22.824106,9.140006,-9.012049,30.90491,-6.4843183,-3.2042494,15.489288,4-172143-A-13.wav,crickets
-606.38556,37.690895,-12.591377,16.28342,-10.717925,7.129912,-9.408374,16.77756,-4.849764,5.495712,-5.572578,8.596192,1.6405352,4-172377-A-17.wav,pouring_water
-224.1986,72.091515,-139.16545,-12.759568,-50.880325,14.121776,3.7501738,-8.255337,-24.273197,-17.15482,-11.143976,3.3573346,-7.46153,4-173865-A-9.wav,crow
-332.586,61.253468,-115.730606,-7.8695927,-28.961336,1.3783305,1.2425686,-7.983741,-19.05779,-7.1261554,-11.770288,-2.964006,-13.241415,4-173865-B-9.wav,crow
-384.26724,70.27348,4.1467876,36.22412,-0.6245998,18.427485,7.019947,12.332741,3.712886,4.9637594,3.9675062,4.6532927,4.2326407,4-174797-A-15.wav,water_drops
-116.559746,80.044174,-49.69316,41.133038,-30.842226,37.14705,-25.527086,25.729694,-20.966408,19.458805,-15.686856,15.064945,-11.004591,4-177250-A-10.wav,rain
-125.937645,125.450874,-48.171253,45.923115,-39.976288,40.240124,-34.93305,30.629532,-21.424656,16.444862,-9.916778,9.327283,-6.33122,4-180380-A-10.wav,rain
-482.5999,66.155685,-25.419163,10.9088955,-6.927561,12.442642,2.643394,14.001001,-3.456032,8.330852,-4.7482724,6.062136,0.39129674,4-180453-A-17.wav,pouring_water
-113.8089,68.36215,-14.683913,27.25986,-6.6410656,7.311912,2.3208418,12.076004,-2.863409,8.535469,-1.509141,7.406095,-2.6123784,4-181286-A-10.wav,rain
-451.48187,79.65752,2.9542382,20.464005,-10.500426,24.266356,-24.345451,8.945306,-14.323015,-5.4243493,-12.566689,-7.5887165,-14.790508,4-181362-A-13.wav,crickets
-262.90527,110.01062,21.014084,52.08843,-8.088472,38.13453,-17.235989,21.670803,-4.927116,2.283396,3.0031602,5.7400794,-1.7057654,4-181563-A-12.wav,crackling_fire
-364.65118,72.02263,-42.537354,20.723259,-0.9395228,16.384455,6.335622,18.155554,6.080141,15.410675,3.022704,8.61276,0.6476207,4-181628-A-17.wav,pouring_water
-328.5356,125.91718,-3.8864458,35.07421,-5.9391427,28.199627,-4.7171507,27.59229,-8.024993,15.575767,-6.609349,11.752977,-9.2585125,4-182314-A-7.wav,insects
-329.68756,130.38072,2.1318445,35.31561,-14.27982,30.852694,-3.986375,23.67337,-7.51821,13.653123,-5.715034,12.725472,-10.926946,4-182314-B-7.wav,insects
-422.3015,128.66173,2.539076,55.183033,-19.045958,35.357365,-20.157772,23.051085,-8.688965,8.700433,-0.7487927,8.186027,-3.249442,4-182368-A-12.wav,crackling_fire
-320.35202,121.73683,18.047777,52.307625,-12.341271,40.61529,-19.91568,23.512598,-6.094007,5.000391,1.497973,6.577701,-1.7963146,4-182369-A-12.wav,crackling_fire
-86.39003,169.84462,-43.837387,48.001503,-31.217957,25.346678,-23.22514,14.242101,-14.451854,10.992937,-11.061354,5.4416213,-3.5817413,4-182613-A-11.wav,sea_waves
-125.8748,171.36392,-26.74275,49.2228,-27.800428,21.099937,-21.329538,10.968231,-14.866669,8.079907,-11.171308,4.276551,-5.4564414,4-182613-B-11.wav,sea_waves
-422.26413,152.03697,-64.932106,59.788147,-11.348101,11.841756,-23.300686,-14.11218,26.874237,-9.835876,-4.8296084,-9.481685,1.8499886,4-182795-A-14.wav,chirping_birds
-233.26987,125.05142,-37.546543,6.637376,-73.53962,-1.0842348,-34.80987,-6.8136506,-15.477064,-40.458126,-20.376926,-21.581203,8.241439,4-182839-A-17.wav,pouring_water
-430.18387,36.78997,-11.613569,-1.3322093,-20.964685,5.320662,7.057816,2.3691661,-14.370062,-3.7141654,7.6762533,7.8283854,10.51037,4-183487-A-1.wav,rooster
-300.68173,63.647877,-86.30405,15.123777,-28.121061,17.195698,-15.804759,5.8480334,7.4454565,-10.580538,6.9407783,-9.110482,2.3559248,4-186693-A-17.wav,pouring_water
-419.78247,55.08666,-56.405342,-9.2121935,-21.753521,2.2302132,-32.833004,0.6771636,-21.838266,0.2734494,-19.764286,-6.1114607,-14.1715145,4-187504-A-17.wav,pouring_water
-394.4123,21.227936,-58.62389,-19.090052,-34.97401,-5.6959944,-12.104175,-9.484731,-8.038215,4.0737624,-0.4686362,5.7910347,8.464848,4-187504-B-17.wav,pouring_water
-341.74588,176.4765,-23.723536,18.212952,-7.3654246,28.638563,-6.5988445,24.282125,-4.2846475,14.515842,-9.178603,8.897731,-2.8006608,4-187769-A-14.wav,chirping_birds
-314.91898,156.74591,-42.55222,24.80175,21.428562,17.404417,-6.601694,15.892996,5.93038,12.182722,-7.4093475,5.777243,-0.8985876,4-187769-B-14.wav,chirping_birds
-433.0571,84.72502,-51.905952,-64.34776,-2.7440538,14.184873,0.7088163,6.533327,6.617294,-13.954749,-19.373472,-5.279102,-1.1232792,4-188287-A-9.wav,crow
-604.2053,99.94274,30.1582,24.491186,17.193386,15.628179,14.726221,15.873706,13.549128,11.110665,3.780014,2.4962986,-0.38900432,4-188293-A-15.wav,water_drops
-607.6936,102.16078,32.467007,23.448687,17.98376,17.884645,15.050536,14.284272,13.665574,11.289642,5.0281305,2.6168737,-0.577111,4-188293-B-15.wav,water_drops
-211.44446,102.18817,-10.432434,16.580864,-42.756485,16.024174,-21.21677,7.6473384,-25.590944,-1.0315716,-20.990355,-5.632672,-18.900682,4-191246-A-7.wav,insects
-322.73935,111.19458,14.836221,18.490746,-19.447289,1.7811157,-11.08372,-4.1809993,-17.0388,-9.334261,-20.120928,-13.745382,-16.274525,4-191246-B-7.wav,insects
-393.0497,57.27237,49.324265,25.290989,-6.319345,46.85198,-16.399313,31.886215,9.085077,12.456069,15.421113,8.918934,13.026239,4-194246-A-13.wav,crickets
-162.9892,145.78008,-60.878036,26.052284,-39.20628,29.859148,-37.271885,20.390005,-19.69751,5.86122,-12.078166,3.1702867,-9.17611,4-195497-A-11.wav,sea_waves
-223.01323,140.61528,-39.69368,15.723117,-29.776066,21.26377,-26.38612,11.733738,-12.291235,0.13620463,-8.438095,-0.8084755,-6.3103147,4-195497-B-11.wav,sea_waves
-287.89166,-16.165068,32.84075,50.24679,-81.035385,47.630478,-37.818707,-20.523039,-1.3636205,-10.850321,-17.442442,17.701351,-37.73451,4-195707-A-13.wav,crickets
-130.04391,36.678314,19.75393,42.25779,-49.833565,58.308113,-17.104063,21.611187,14.628006,-4.7250905,11.473058,-10.867264,2.3230886,4-195805-A-13.wav,crickets
-745.5309,-16.480791,-17.360582,24.05342,0.9548522,1.7148393,-7.2190356,8.944517,6.5097327,6.609179,-4.791267,3.0727496,0.54640037,4-197871-A-15.wav,water_drops
-431.52176,61.886578,-8.553473,36.07844,11.83768,-6.2546,-38.669895,46.709732,-8.892875,-10.636311,-24.71184,39.71268,-30.893185,4-202749-A-13.wav,crickets
-192.20842,225.52121,-137.89735,20.625498,14.808582,-55.70085,18.125177,-14.7680025,-24.703056,14.422226,-20.588402,-7.141451,5.231357,4-204618-A-11.wav,sea_waves
-395.24982,60.324215,-7.14573,1.9997538,-20.058558,-4.7680235,-3.303859,2.1833344,-7.565366,-5.7122583,-6.5487146,-1.6367319,1.4782338,4-208021-A-1.wav,rooster
-450.3028,131.73595,42.79759,36.00142,25.228264,23.220726,6.40519,4.934515,1.558263,6.3908486,4.913628,11.800009,7.213601,4-212604-A-15.wav,water_drops
-366.39566,91.30737,40.583363,39.25701,14.869251,18.913168,14.048456,6.5848875,3.2309344,12.402331,7.5388036,11.560003,10.748085,4-212604-B-15.wav,water_drops
-394.044,84.57553,42.868484,26.855541,11.281272,17.144955,9.426145,4.623784,4.144049,12.289707,10.261463,11.649813,10.095207,4-212604-C-15.wav,water_drops
-423.86346,-63.844105,-109.34449,46.291664,-43.54395,-4.8913307,2.8382454,6.9307437,-14.206526,21.970196,-14.607855,6.5712156,0.7959692,4-216211-A-14.wav,chirping_birds
-287.77853,110.28756,-59.52712,62.070408,-0.93529063,-4.42599,13.789395,-20.576405,4.2129107,23.5782,-42.0685,47.2803,-56.993793,4-223125-A-14.wav,chirping_birds
-366.7083,152.78052,-72.591736,72.01933,-11.237629,18.719475,-23.30976,-10.18044,22.626743,-12.67216,-6.594658,-10.723771,-2.6807268,4-223127-A-14.wav,chirping_birds
-292.26453,197.1652,-55.809086,-45.07119,3.5100691,-1.3394904,-1.4503154,-9.989183,-25.39342,-12.873509,4.469335,-8.524077,-12.8186245,4-99193-A-4.wav,frog
-291.79526,188.37555,-54.837555,-44.75236,4.6382103,3.6162543,-0.8194274,-10.823868,-25.813757,-12.55952,4.254029,-10.132919,-10.691859,4-99193-B-4.wav,frog
-440.62888,169.1792,-34.02795,-43.846645,12.271396,24.027466,-5.7531643,-0.093269646,11.5471,15.737132,4.979891,-7.115137,-7.275035,4-99644-A-4.wav,frog
-329.51233,146.82188,-119.657715,-75.11626,-3.3761895,7.2568703,0.1625814,-1.4511638,39.092136,42.161346,12.682642,-1.2673813,-23.159527,4-99644-B-4.wav,frog
-327.76892,148.82117,-112.019325,-71.728676,-2.0031834,9.400634,1.3103019,-0.32254675,39.36335,41.89521,13.343435,-1.6016163,-25.208868,4-99644-C-4.wav,frog
-417.1535,144.65564,-50.018017,-43.202885,12.964765,22.680218,-3.1369085,-7.276774,28.514889,32.512856,7.0449095,-7.2832575,-13.791456,4-99644-D-4.wav,frog
-259.1527,144.70357,34.44875,29.44044,21.792881,37.440987,4.963978,10.428302,-6.161827,8.224833,-1.0490352,12.54001,-1.2707075,5-117773-A-16.wav,wind
-463.0992,158.78687,12.90637,-27.199497,-5.081995,6.7044473,11.087614,16.539654,5.3154693,-6.4282765,0.15349393,4.2688804,1.7914283,5-156026-A-4.wav,frog
-510.473,145.33978,21.63618,-11.842986,8.414131,13.272526,19.069881,15.058942,-0.5984935,-1.854759,5.9387326,11.63541,5.7286754,5-156026-B-4.wav,frog
-494.4575,123.37371,22.795834,-9.586626,9.915523,23.156282,19.882715,9.65682,-1.9455353,-2.1411955,9.6896515,14.456825,6.870645,5-156026-C-4.wav,frog
-435.24747,154.60411,4.9423523,-32.9357,-2.1075225,14.89368,14.88462,13.052052,0.20879722,-7.6864715,4.844103,10.7270975,3.4794564,5-156026-D-4.wav,frog
-257.0719,175.36652,10.843612,0.68963045,17.413351,8.819307,6.3470736,5.595589,4.8232794,5.3046656,4.7007337,4.5606995,3.9702177,5-156999-A-19.wav,thunderstorm
-281.34915,178.83102,83.67775,23.079912,9.743527,14.946627,17.987509,14.577022,8.514655,5.8070226,7.5314345,9.105226,8.000395,5-156999-B-19.wav,thunderstorm
-220.75656,205.44725,43.31342,4.2423077,18.727995,16.77669,10.2244835,8.541256,9.141252,8.559439,7.008901,6.0291123,6.174236,5-156999-C-19.wav,thunderstorm
-291.4991,167.01909,79.47464,30.40175,20.229301,19.878168,17.120243,13.316525,12.123022,12.05945,10.360044,8.020799,6.917383,5-156999-D-19.wav,thunderstorm
-132.87073,224.95879,1.1968035,12.226989,7.3783197,1.5901244,6.8225036,2.7731717,2.216929,6.9824696,5.7362375,0.6445274,4.681869,5-156999-E-19.wav,thunderstorm
-263.08078,169.58827,-40.30891,39.33068,-0.63691616,-4.0544276,25.461868,16.253952,6.2869773,8.716644,9.491742,-6.450403,5.3439784,5-157204-A-16.wav,wind
-265.6423,173.3472,-44.67282,43.144714,-3.722876,-2.6624782,24.258198,17.92138,5.0401025,7.970234,11.253893,-7.4984474,5.0279317,5-157204-B-16.wav,wind
-257.83157,198.75185,-21.998432,33.936626,11.663965,0.19917347,-5.9290943,-10.231518,6.1758113,3.8622725,-3.4289947,-10.609079,-1.0866491,5-179496-A-16.wav,wind
-164.1722,182.80144,-28.334753,39.190777,10.321923,-5.130046,-12.393224,-17.346495,7.617006,6.7539005,-3.1284008,-13.769368,-0.9322999,5-179496-B-16.wav,wind
-148.86678,119.522766,-65.91586,32.742718,-57.536396,40.22506,-37.878456,28.154829,-23.466131,20.476925,-25.561413,10.835417,-9.720545,5-181766-A-10.wav,rain
-118.65665,141.62206,-13.002311,68.34033,6.0077443,27.019917,19.167873,27.044065,10.826065,8.534877,4.2776637,8.321781,4.14414,5-186924-A-12.wav,crackling_fire
-328.60782,113.691795,-48.049614,17.428612,32.986954,27.663223,-7.083184,35.2896,26.741648,15.346359,-22.392809,10.707868,28.226639,5-187201-A-4.wav,frog
-322.87177,98.240845,-38.258625,7.890456,48.09346,20.993237,6.685533,31.41843,36.225235,7.5519996,-15.317891,5.18778,34.622887,5-187201-B-4.wav,frog
-494.86572,168.69882,87.003624,34.44326,12.489085,10.763676,16.442814,14.257825,8.0268,5.555737,6.476087,7.8569455,6.679224,5-188495-A-19.wav,thunderstorm
-163.04681,113.27482,-34.465908,74.13136,-56.157185,44.99614,-32.262512,34.666058,-18.120718,23.6519,-10.258613,10.076962,-1.8198364,5-188655-A-10.wav,rain
-356.62946,90.965,55.63681,53.810867,-1.297912,45.106747,-0.88499784,34.997257,2.9898536,17.405394,0.8548388,7.9535418,1.8512046,5-189212-A-12.wav,crackling_fire
-609.3623,114.32679,20.260885,32.34883,-13.555352,1.3421044,-9.085856,-1.007069,-15.712844,1.2151686,-10.564503,-2.1653981,-9.677844,5-189237-A-12.wav,crackling_fire
-204.89496,107.235405,-98.93888,-24.153515,5.976729,25.22465,-10.733197,-5.1302114,10.032904,10.799274,-1.7015262,3.2203078,-0.123994246,5-189795-A-4.wav,frog
-328.4726,187.77576,51.47084,33.34732,-1.9966221,-0.9212214,14.620439,3.8651874,2.286485,2.2012513,6.212817,7.606368,4.3761306,5-192191-A-19.wav,thunderstorm
-149.517,104.21957,-49.80931,91.62762,-36.963005,44.71142,-15.831206,24.113066,-11.453653,13.706931,-5.215357,5.3119135,0.12726028,5-193339-A-10.wav,rain
-357.13406,10.568219,14.199803,32.82279,-5.9466586,20.739393,-14.5183735,12.682307,-9.859719,0.11364705,-4.2074246,1.6868435,-7.9681077,5-193473-A-12.wav,crackling_fire
-408.34766,-3.952058,9.462937,30.477066,-9.067827,20.295937,-16.665903,11.747006,-10.393906,-0.7109276,-4.8704348,1.5159218,-8.213326,5-193473-B-12.wav,crackling_fire
-76.808334,130.91649,-60.885155,86.97984,-46.132545,42.52245,-17.281567,12.296954,-5.415603,7.9670076,-3.0959206,2.359105,2.9892,5-194892-A-10.wav,rain
-437.04102,70.09291,-6.266458,-13.03919,-14.132128,-5.4525948,1.0956992,-2.9304814,-7.779568,-5.596167,-2.4719868,-1.4245231,6.089633,5-194930-A-1.wav,rooster
-404.16895,81.24431,-24.587708,-16.182476,-10.025348,-10.780965,-7.011267,-6.2915545,-5.613275,-4.9772344,-2.1656568,5.573153,16.409996,5-194930-B-1.wav,rooster
-309.73047,136.85353,4.3924093,28.756205,-14.993731,15.625559,-2.3551137,4.970036,-10.98077,5.008011,-19.404842,-13.364967,-13.146428,5-194932-A-7.wav,insects
-427.38855,73.80736,10.855528,26.955347,-9.036298,30.105476,-11.119134,13.589137,-9.571138,16.821268,2.9734914,4.796889,-13.2678385,5-195517-A-7.wav,insects
-189.11427,69.05258,21.548191,37.64479,-15.130642,20.337444,-20.678543,16.146841,-2.64285,19.28125,0.6824593,-1.1638905,-11.958409,5-195518-A-7.wav,insects
-279.63586,210.37366,22.280514,14.316037,6.00363,7.72983,10.0796175,-2.462966,4.3336353,-2.3561032,-3.1591237,5.3188562,2.7660797,5-195557-A-19.wav,thunderstorm
-210.04253,123.36047,-43.367123,51.317604,-27.141485,44.36174,-19.24511,22.06766,-11.2786875,12.815723,-5.632918,7.2434645,-2.489971,5-195710-A-10.wav,rain
-192.94225,125.17196,-6.063067,11.702586,-19.882994,8.789176,-10.634496,9.867355,-15.253513,-4.3115573,-17.476118,-3.380553,-14.508975,5-197446-A-7.wav,insects
-117.10345,104.9911,-19.0605,38.104904,-41.027397,27.52331,-30.733894,16.216162,-24.164131,5.652374,-21.91066,3.9426968,-19.8601,5-198278-A-7.wav,insects
-134.20595,110.74393,-15.789743,32.787086,-36.14108,25.630342,-25.402462,14.900336,-19.058887,4.9127173,-17.585857,3.7104127,-17.557219,5-198278-B-7.wav,insects
-140.93088,112.4634,-16.132362,36.014618,-35.63644,27.789251,-27.421167,18.109907,-20.743238,5.1250334,-19.307007,4.386154,-19.015553,5-198278-C-7.wav,insects
-118.45461,130.19318,-73.32835,62.8235,-48.079132,44.50162,-41.69909,37.69458,-27.555725,14.760123,-13.636829,5.9098506,-7.4094763,5-198321-A-10.wav,rain
-399.1321,53.282375,1.6363268,-15.251277,-29.746943,8.365563,-14.652356,-8.271784,-18.269238,-0.3989231,-9.926081,4.2687387,5.20269,5-200334-A-1.wav,rooster
-393.8014,39.18617,-0.7234572,-9.141823,-21.02541,4.4115677,-11.097915,-0.98566,-15.31854,0.2739416,-6.764514,11.537198,6.9408917,5-200334-B-1.wav,rooster
-362.82114,72.88391,-19.625631,-26.916338,-21.066845,5.1840158,-12.285581,-14.946126,-16.852402,-5.9625173,-8.649724,5.1452904,1.9774997,5-200339-A-1.wav,rooster
-161.66638,151.56017,-64.1415,27.313007,-44.458107,19.55083,-24.228071,13.75544,-19.076923,9.21256,-13.4838085,1.4846857,-5.060734,5-200461-A-11.wav,sea_waves
-128.33684,153.2326,-70.5639,31.991598,-51.04753,19.711914,-28.512527,15.318517,-23.566946,8.221414,-15.77876,1.0549015,-7.8918734,5-200461-B-11.wav,sea_waves
-82.56143,-13.8505125,-20.53547,16.365183,-6.2620974,24.88381,-4.8896613,19.68451,4.441888,7.955119,7.4652653,8.659947,5.1265974,5-202898-A-10.wav,rain
-122.14733,112.82644,-67.76556,68.57852,-40.422592,37.64296,-26.242115,24.03265,-13.036524,11.419977,-4.283934,4.569712,-1.1690121,5-203739-A-10.wav,rain
-386.71127,39.80556,-47.89366,83.75524,14.952834,-5.509189,-38.937374,34.842136,15.657791,-30.861967,-17.857409,38.200443,-8.096343,5-204352-A-13.wav,crickets
-394.3528,43.022964,-43.824795,77.98877,14.444756,-2.892859,-38.195187,35.02558,16.485025,-28.432568,-15.905355,35.007904,-4.3468885,5-204352-B-13.wav,crickets
-328.26248,42.291,-42.94623,-0.24513844,-46.846092,-9.851087,-32.97612,-0.5101239,-9.526778,11.848844,-11.919808,-3.136759,-25.33659,5-205589-A-17.wav,pouring_water
-367.0612,40.161087,-46.110443,-9.029617,-49.2595,1.1509135,-16.267076,9.030643,-1.1568271,8.177653,-21.23536,-12.894057,-27.586065,5-205589-B-17.wav,pouring_water
-477.28287,50.892265,-14.314684,11.422515,-10.115263,9.828925,-0.2076809,14.28428,3.1624572,11.064043,-6.3337646,8.54949,0.23726663,5-207781-A-17.wav,pouring_water
-102.40971,136.05713,-83.62063,34.949806,-44.85904,22.921417,-32.437138,20.897127,-25.614016,9.895327,-10.379094,1.6757052,-4.5423293,5-208810-A-11.wav,sea_waves
-120.12703,139.1371,-85.60889,40.104664,-49.0199,27.779589,-36.87251,24.356365,-28.734049,12.880358,-12.735452,2.2741024,-5.859134,5-208810-B-11.wav,sea_waves
-290.96143,-9.878879,-133.66823,91.12641,-15.1441555,-32.49404,-0.12040937,-5.133048,-4.5301332,17.568542,-38.927296,-16.096054,7.465703,5-210540-A-13.wav,crickets
-227.41331,88.81206,-22.37054,21.101572,-15.268059,17.659243,-4.823461,28.966244,-2.8542826,18.386969,-0.6438215,15.451122,-3.4378138,5-212730-A-17.wav,pouring_water
-281.48132,48.150856,-28.577717,-2.360071,-25.286612,3.9489107,-5.4392905,23.134485,-0.25173333,9.807416,-5.5148616,7.253382,0.89957845,5-212734-A-17.wav,pouring_water
-249.21019,115.62297,-49.744907,-2.8839395,-29.948372,11.811435,4.9337726,18.051584,9.469582,-0.5518286,1.8845255,3.6990993,4.69006,5-212736-A-17.wav,pouring_water
-183.66438,157.09238,-29.412876,53.770817,7.664233,23.499134,3.255574,19.792604,8.110447,8.371545,3.2437642,9.6499815,1.0425601,5-213077-A-11.wav,sea_waves
-159.73532,57.867794,19.753849,59.832546,11.660657,46.44123,-3.4919932,28.389603,1.7415321,11.947032,-2.583902,8.816017,-10.926273,5-213802-A-12.wav,crackling_fire
-257.86252,166.69244,-56.18063,26.342775,-8.148342,21.782888,14.222938,-0.84422183,7.2942467,5.992221,4.612994,13.93102,8.593344,5-213836-A-9.wav,crow
-227.32928,168.00761,-79.948235,29.085588,-7.9314275,23.103466,9.218262,-0.55517703,2.4812138,9.036794,4.680019,13.269207,8.35495,5-213836-B-9.wav,crow
-220.39845,177.72615,-65.97965,8.932717,-15.631491,33.968723,8.139994,-4.0325375,6.2030473,7.4166603,-0.93322074,12.681138,17.990623,5-213836-C-9.wav,crow
-146.61508,175.44008,-110.436646,12.047347,-24.959229,36.229263,11.272538,-11.793192,14.145608,5.0135756,-3.136998,13.962101,19.240034,5-213836-D-9.wav,crow
-339.8359,95.71543,-57.80484,8.091152,-36.47748,18.960188,-17.374947,17.922066,-8.869981,0.12452758,1.1335858,4.145144,-8.119595,5-214362-A-17.wav,pouring_water
-351.82526,154.46971,-115.2171,-0.5706403,-12.202695,33.46428,7.2165236,10.109136,-16.457415,-3.3019261,-9.42093,8.14139,-3.7080173,5-214869-A-9.wav,crow
-546.7055,77.377396,-4.681004,90.31297,-50.496147,68.96837,5.6362286,-21.90296,17.790167,33.635834,-21.61169,15.193129,-14.896531,5-215172-A-13.wav,crickets
-374.38388,136.29137,-16.619385,47.49793,-24.683182,15.540504,18.827127,29.571495,-20.14915,28.634758,13.471965,-2.4046597,1.2494122,5-215179-A-13.wav,crickets
-396.63187,62.486282,-11.489679,29.632563,-20.941875,7.240642,-12.706688,3.4436324,-4.6427383,4.423196,4.2693143,9.564392,3.5469322,5-215634-A-17.wav,pouring_water
-412.73642,130.75694,16.50831,69.37161,54.270283,42.990417,22.22285,7.576141,7.356681,1.406559,3.0560925,0.55855733,-8.663341,5-215658-A-12.wav,crackling_fire
-307.15198,131.56836,11.842608,82.96267,49.197697,46.9077,19.81086,8.250813,7.5395513,0.656236,5.715143,-0.35692564,-7.7524695,5-215658-B-12.wav,crackling_fire
-392.70773,79.80972,-63.08291,19.381678,12.291513,-7.7967386,-25.45763,-8.804017,-15.5236225,19.279959,-13.056864,-24.499697,-5.77918,5-216213-A-13.wav,crickets
-449.1534,49.281277,-46.27013,67.20305,-2.5814853,-7.7417884,-18.844559,33.622,-8.661033,-1.9246776,-0.8168715,2.1018329,-3.1559255,5-216214-A-13.wav,crickets
-403.7433,87.85267,-39.776146,50.04695,-12.117713,-2.0221956,-11.674161,7.3943677,-22.101223,12.732109,19.249285,-32.57296,-10.490546,5-216216-A-13.wav,crickets
-281.74118,208.05133,12.223575,18.087374,-7.4005513,16.50614,2.1923854,11.704038,-9.461215,7.5939484,-2.473149,4.127313,-6.144266,5-217186-A-16.wav,wind
-289.9785,217.1966,33.580757,1.4538172,-13.550681,10.513463,0.70840514,4.6212316,-12.177146,-2.7717,-4.3112907,0.14492866,-5.60362,5-217186-B-16.wav,wind
-286.64044,221.0872,32.394974,0.6589555,-16.39003,9.251604,-2.7203424,2.3841436,-15.381894,-4.209145,-6.071846,-0.41347402,-5.0630393,5-217186-C-16.wav,wind
-193.85764,154.30467,-87.21926,19.119427,-35.853333,4.3537683,-21.058327,-0.084308244,-19.044228,-0.64458466,-16.490007,3.1322575,-7.594152,5-219379-A-11.wav,sea_waves
-169.28725,163.62091,-99.12179,21.485235,-38.928917,6.8010926,-24.593266,1.1578532,-22.366604,0.46541768,-18.91358,1.483298,-7.2046623,5-219379-B-11.wav,sea_waves
-144.16824,170.31383,-95.91959,19.869507,-41.508472,7.449191,-28.165897,1.8161658,-24.054544,-0.0049801716,-17.589455,2.4201584,-7.9870753,5-219379-C-11.wav,sea_waves
-130.17894,161.0432,-68.59706,10.569018,-41.43345,31.944452,6.77331,27.851784,-14.673758,12.932778,-9.233119,12.525914,2.021244,5-222041-A-9.wav,crow
-424.29358,57.260487,-21.525414,-16.321793,-12.101925,2.7546973,-4.399731,-8.746622,-7.3487406,0.5829124,5.7311087,6.9657397,-1.9579583,5-233160-A-1.wav,rooster
-346.55975,64.64013,-25.494478,55.734848,-15.778511,8.311865,-29.621202,-1.4702163,-19.082308,16.274218,-15.966332,-13.723674,-17.212511,5-233787-A-7.wav,insects
-427.6836,51.144936,-25.414927,0.36939922,-19.804762,16.082998,-1.0993605,3.0464747,-15.6027,2.1880286,0.22754699,4.913631,6.7444205,5-234879-A-1.wav,rooster
-401.04553,62.01063,-18.841545,3.6807697,-18.409033,6.6007667,-0.15405053,-2.4325361,-13.143828,-0.00828893,-1.4745206,5.1069098,11.816944,5-234879-B-1.wav,rooster
-433.22855,193.12602,-47.572838,-39.146267,5.8834467,4.241003,-6.648331,4.045477,-0.0060879383,1.1919323,6.8190126,0.95224816,1.5259323,5-237499-A-4.wav,frog
-518.5862,24.367498,5.1459837,53.443832,-14.574611,33.026276,7.448557,7.2936983,8.36246,-0.14739041,-1.2203913,9.5136175,-7.7825313,5-241846-A-15.wav,water_drops
-466.5366,125.958275,-70.45398,-9.634814,-46.326492,-18.630476,-32.89331,13.223068,-18.823738,0.13360156,-2.8829446,-1.3748615,-3.1190574,5-242490-A-14.wav,chirping_birds
-477.57718,126.14594,-58.845398,6.580245,-52.84685,-6.425755,-16.00078,20.608677,-28.46182,3.0913649,-3.82204,-3.6793942,-2.4589803,5-242491-A-14.wav,chirping_birds
-432.39487,149.4449,-21.802639,32.577225,-16.732243,36.46819,0.27103522,20.321712,-11.820227,16.575027,-6.265222,11.652298,4.023789,5-242711-A-9.wav,crow
-414.10617,37.819084,-70.95434,-2.339378,-34.168625,-22.208153,-37.752136,-2.1013029,-28.24333,0.0019502927,-22.44945,2.0799556,-12.817971,5-243448-A-14.wav,chirping_birds
-514.2405,-34.3287,-54.87827,3.8716404,-59.145393,11.899946,-8.752074,-2.5563374,-15.291016,22.764837,-0.8552687,10.169739,12.44236,5-243449-A-14.wav,chirping_birds
-533.9934,-46.828278,-136.46404,50.624226,-17.481297,15.226033,28.569965,-18.628534,4.837135,0.2837249,-5.9687147,0.76234794,5.1288586,5-243450-A-14.wav,chirping_birds
-433.72644,-1.9216216,-132.8433,28.957705,11.840834,-24.353552,-4.592568,15.998517,-9.647865,15.1309,10.996192,-5.867917,-6.7566433,5-243459-A-14.wav,chirping_birds
-422.95044,17.72348,-146.65044,-0.38674423,0.5242859,-16.99869,-2.9133973,7.031156,-7.1141286,33.666786,19.920593,-11.344781,-11.287412,5-243459-B-14.wav,chirping_birds
-532.6131,72.78281,-3.676608,25.269814,0.5074949,26.614792,3.6775727,23.120691,-4.92775,9.635393,-2.1401806,8.535144,-1.4179875,5-254832-A-15.wav,water_drops
-535.38416,71.622246,2.5875697,25.52815,-1.6552856,23.684446,3.321251,21.125069,-3.0072665,9.293429,0.33334997,8.172781,-0.60207015,5-254832-B-15.wav,water_drops
-591.9954,-43.342747,-50.27738,7.8143,-26.920462,20.383274,-20.864563,0.62112397,-10.719558,4.2012076,-3.1847794,12.320439,-5.1538997,5-257349-A-15.wav,water_drops
-315.87518,97.55964,-38.03931,83.2567,47.59542,-7.181525,10.6874,27.256413,9.706503,21.79985,4.2776914,4.98954,10.772317,5-257839-A-14.wav,chirping_birds
-497.65863,24.290258,14.298931,11.271639,4.7284923,3.3878374,0.94386655,1.9444023,1.3354558,1.776958,1.0076289,1.0318322,0.7792332,5-259180-A-15.wav,water_drops
-209.71815,170.38774,-70.37645,-10.876296,-8.433419,34.003033,23.40966,14.70162,-7.618826,11.725972,-3.6840796,18.637112,5.2732277,5-261325-A-9.wav,crow
-451.31256,29.088432,13.54625,2.3817258,0.72315484,3.4955564,1.0081849,1.4059184,-0.7973459,1.0749286,-0.5159362,-0.42433557,-0.8829671,5-261433-A-15.wav,water_drops
-414.84494,126.854225,35.21127,19.86601,-6.4168086,24.49272,3.7017305,19.516436,-0.11613859,18.070917,-0.13284694,10.462082,-0.32894683,5-261439-A-15.wav,water_drops
-509.34845,149.23003,-3.9830334,15.653669,-0.9993779,26.615974,-1.8573523,18.655138,5.0538197,23.134254,10.460335,18.74484,-1.3625126,5-262641-A-15.wav,water_drops
